Resolution,Image Count
256x256,6295
224x224,1303
1020x1020,704
800x600,668
1280x1024,593
192x256,348
3000x4000,334
3456x4608,306
4608x3456,294
1875x1875,284
480x640,109
275x183,104
2048x1365,99
838x562,88
100x100,53
259x194,52
2048x1536,42
225x225,39
673x480,36
194x259,35
1280x1280,33
120x120,31
1536x2048,31
300x168,30
899x1599,22
612x408,19
183x275,19
500x500,16
344x318,16
640x426,15
262x192,14
640x480,13
408x612,13
265x190,13
1600x1157,13
179x180,12
600x600,12
752x424,12
299x168,11
1200x1600,11
1067x1700,10
1600x1167,10
640x640,10
352x318,10
181x180,9
180x180,9
170x180,9
155x180,9
1200x800,9
676x408,9
260x194,9
1300x956,9
308x320,9
438x408,9
164x128,9
282x288,9
522x404,9
390x326,9
244x268,9
168x180,8
800x533,8
288x240,8
316x328,8
390x260,7
171x180,7
200x100,7
224x180,7
350x350,7
400x400,7
467x462,7
350x316,7
618x416,7
1480x1480,7
264x191,7
450x438,7
274x240,7
358x262,7
488x444,7
492x458,7
448x420,7
458x424,7
340x304,7
358x340,7
444x358,7
256x180,6
203x204,6
254x180,6
190x190,6
192x192,6
270x194,6
612x409,6
957x1300,6
1300x957,6
1200x628,6
512x512,6
2000x1000,6
1024x768,6
1080x1080,6
1000x750,6
700x700,6
767x562,6
482x461,6
335x317,6
480x461,6
435x403,6
444x406,6
343x317,6
462x419,6
474x450,6
344x342,6
333x343,6
478x454,6
477x452,6
332x386,6
632x404,6
564x382,6
342x426,6
772x422,6
310x346,6
502x384,6
276x183,6
152x331,6
274x184,6
282x179,6
1600x1200,6
311x162,6
390x280,6
1000x667,6
442x422,6
468x420,6
464x410,6
434x432,6
394x368,6
380x344,6
392x360,6
202x166,6
444x404,6
286x238,6
450x370,6
316x318,6
242x216,6
186x204,6
310x266,6
634x436,6
336x262,6
420x404,6
164x126,6
544x444,6
278x230,6
284x232,6
246x218,6
466x362,6
720x1280,6
758x511,5
1280x720,5
640x425,5
442x454,5
350x347,5
564x340,5
290x300,5
372x344,5
140x180,4
407x612,4
752x562,4
483x461,4
442x406,4
351x316,4
345x318,4
348x346,4
224x338,4
672x404,4
568x298,4
552x384,4
624x384,4
478x356,4
500x376,4
486x478,4
270x187,4
194x260,4
1300x866,4
275x184,4
463x620,4
626x417,4
184x274,4
482x378,4
356x308,4
352x404,4
454x436,4
398x322,4
468x414,4
354x350,4
380x320,4
280x252,4
318x290,4
406x306,4
372x420,4
146x116,4
368x356,4
336x286,4
556x402,4
292x260,4
418x374,4
306x290,4
494x418,4
214x204,4
500x333,4
368x640,3
252x180,3
118x180,3
1920x1080,3
196x180,3
1280x719,3
228x180,3
191x190,3
195x195,3
307x195,3
261x195,3
262x197,3
282x180,3
1153x746,3
203x188,3
309x185,3
253x180,3
203x184,3
171x172,3
313x184,3
681x237,3
269x180,3
267x180,3
206x180,3
227x180,3
379x213,3
313x182,3
291x182,3
235x180,3
288x216,3
236x180,3
232x204,3
267x204,3
720x540,3
276x180,3
268x180,3
303x203,3
170x203,3
150x180,3
175x182,3
330x180,3
233x180,3
2048x1363,3
254x192,3
600x413,3
166x180,3
151x141,3
520x400,3
167x180,3
148x155,3
144x147,3
218x181,3
181x181,3
800x584,3
226x181,3
142x190,3
1300x1004,3
170x168,3
161x180,3
561x471,3
225x180,3
1300x953,3
207x180,3
1024x1024,3
245x180,3
391x254,3
174x137,3
124x180,3
232x180,3
128x180,3
622x600,3
267x200,3
176x180,3
150x150,3
604x572,3
175x180,3
450x321,3
2027x1812,3
211x180,3
908x602,3
234x185,3
545x577,3
217x180,3
2048x2048,3
261x192,3
1361x2048,3
220x192,3
267x193,3
4937x3533,3
258x193,3
590x350,3
229x180,3
253x171,3
612x419,3
459x612,3
612x473,3
612x503,3
612x344,3
511x612,3
612x597,3
612x612,3
1600x1301,3
1184x1787,3
183x183,3
612x552,3
612x406,3
612x510,3
252x200,3
236x213,3
1074x1700,3
581x772,3
230x194,3
200x200,3
475x517,3
1600x1275,3
500x375,3
682x1023,3
420x518,3
661x780,3
81x166,3
640x703,3
800x1066,3
1000x1620,3
509x339,3
800x1198,3
800x569,3
954x1300,3
960x719,3
413x667,3
767x264,3
375x211,3
350x275,3
1000x857,3
1600x1195,3
1800x1800,3
387x221,3
1200x1083,3
511x440,3
238x301,3
401x600,3
1388x895,3
186x250,3
851x478,3
1200x900,3
1119x1587,3
1200x828,3
300x296,3
1321x2048,3
704x938,3
1340x1676,3
5184x2652,3
1927x2048,3
665x485,3
520x420,3
768x1024,3
1024x683,3
1600x1067,3
1200x1809,3
1500x1125,3
1897x1190,3
860x697,3
650x400,3
220x487,3
1920x1280,3
2048x2022,3
1200x794,3
631x576,3
1188x810,3
1897x1280,3
1922x1280,3
1539x1280,3
1868x1280,3
1280x1338,3
1811x1280,3
1660x1280,3
1978x1280,3
884x537,3
915x516,3
772x424,3
752x455,3
752x465,3
752x491,3
695x526,3
706x486,3
680x460,3
731x511,3
721x480,3
757x562,3
772x562,3
813x521,3
762x491,3
741x506,3
798x562,3
792x562,3
736x562,3
746x562,3
777x562,3
726x506,3
736x475,3
598x511,3
686x511,3
637x480,3
596x480,3
556x444,3
538x480,3
574x480,3
561x426,3
561x408,3
713x524,3
731x587,3
727x480,3
744x480,3
722x480,3
590x655,3
1667x1191,3
331x295,3
600x453,3
424x283,3
576x1024,3
800x445,3
700x698,3
626x521,3
1000x798,3
1588x1588,3
685x446,3
598x612,3
520x347,3
300x285,3
1000x1000,3
333x333,3
247x300,3
600x442,3
768x512,3
343x600,3
195x279,3
620x330,3
616x463,3
435x518,3
345x316,3
447x420,3
342x313,3
342x310,3
447x417,3
484x460,3
445x415,3
340x314,3
338x315,3
336x315,3
481x461,3
439x413,3
334x317,3
434x410,3
433x409,3
477x465,3
435x408,3
340x318,3
475x465,3
436x407,3
474x464,3
436x405,3
468x463,3
465x456,3
461x463,3
442x404,3
459x463,3
454x463,3
445x403,3
445x404,3
452x463,3
451x463,3
444x405,3
444x461,3
443x462,3
464x458,3
442x457,3
441x455,3
446x406,3
449x406,3
451x407,3
442x453,3
453x407,3
454x409,3
445x454,3
455x411,3
450x452,3
457x413,3
464x459,3
460x414,3
453x453,3
462x414,3
462x416,3
459x452,3
463x418,3
464x452,3
464x417,3
468x451,3
463x419,3
470x450,3
472x451,3
476x450,3
462x420,3
466x460,3
478x448,3
479x448,3
479x447,3
478x447,3
477x446,3
467x460,3
469x460,3
470x452,3
468x462,3
351x318,3
467x463,3
350x318,3
468x464,3
472x465,3
450x429,3
348x317,3
476x463,3
478x464,3
480x463,3
347x314,3
446x422,3
346x314,3
491x461,3
347x348,3
349x348,3
350x348,3
349x346,3
347x346,3
490x460,3
348x345,3
349x344,3
350x344,3
488x460,3
343x339,3
340x342,3
338x343,3
336x342,3
331x343,3
330x343,3
328x342,3
486x459,3
485x457,3
337x344,3
482x456,3
480x455,3
338x342,3
477x453,3
477x451,3
492x461,3
555x416,3
576x414,3
312x386,3
548x330,3
546x404,3
430x354,3
582x396,3
528x426,3
546x460,3
354x330,3
528x428,3
626x402,3
656x420,3
272x382,3
396x424,3
188x378,3
602x410,3
324x194,3
416x290,3
272x416,3
608x372,3
576x346,3
332x316,3
524x390,3
478x334,3
312x246,3
508x290,3
436x276,3
240x318,3
586x420,3
560x412,3
262x376,3
674x368,3
530x426,3
364x270,3
280x302,3
306x238,3
608x472,3
568x446,3
428x342,3
388x324,3
622x428,3
640x414,3
626x388,3
564x392,3
606x452,3
468x344,3
566x354,3
426x344,3
574x390,3
688x402,3
504x392,3
600x390,3
424x352,3
654x498,3
580x404,3
528x362,3
690x384,3
548x430,3
264x366,3
590x382,3
576x438,3
668x424,3
546x410,3
562x396,3
658x358,3
352x360,3
576x452,3
554x454,3
360x426,3
696x420,3
532x380,3
738x478,3
652x428,3
676x380,3
342x364,3
326x460,3
734x424,3
490x350,3
616x490,3
708x490,3
568x428,3
700x466,3
456x266,3
342x234,3
202x244,3
242x304,3
650x460,3
400x330,3
614x456,3
642x400,3
764x408,3
536x456,3
236x444,3
398x432,3
646x434,3
300x332,3
862x386,3
636x390,3
256x172,3
570x496,3
406x436,3
472x398,3
308x408,3
644x384,3
524x412,3
428x310,3
336x304,3
766x412,3
408x248,3
292x218,3
522x378,3
430x476,3
596x466,3
216x233,3
345x146,3
188x268,3
750x1000,3
262x193,3
247x204,3
174x290,3
267x189,3
266x189,3
261x193,3
291x173,3
240x210,3
177x285,3
200x252,3
336x448,3
391x280,3
285x177,3
470x626,3
1024x685,3
1902x2048,3
768x917,3
960x641,3
1500x1000,3
960x1280,3
556x280,3
866x1390,3
1089x1600,3
1358x1123,3
400x600,3
1050x699,3
2047x1365,3
638x921,3
1300x954,3
1200x713,3
263x192,3
449x800,3
263x191,3
187x270,3
292x172,3
205x245,3
269x187,3
2380x2953,3
3064x2079,3
3814x2524,3
3720x2474,3
3210x2592,3
3601x2569,3
3209x2809,3
448x402,3
534x480,3
418x370,3
418x398,3
328x278,3
324x318,3
354x384,3
398x404,3
312x310,3
632x454,3
472x410,3
492x422,3
298x218,3
304x272,3
480x370,3
330x330,3
636x388,3
388x392,3
402x356,3
388x356,3
458x432,3
222x216,3
250x238,3
266x240,3
374x298,3
438x414,3
312x294,3
352x352,3
538x436,3
536x454,3
288x228,3
456x432,3
406x328,3
456x414,3
452x412,3
366x306,3
392x324,3
538x496,3
348x306,3
500x452,3
256x214,3
320x276,3
1500x1101,3
512x473,3
336x306,3
406x378,3
332x328,3
328x252,3
410x356,3
402x334,3
230x254,3
260x252,3
624x472,3
800x706,3
800x551,3
1120x739,3
278x278,3
376x350,3
468x402,3
290x232,3
446x444,3
170x176,3
256x204,3
316x300,3
676x470,3
394x328,3
312x292,3
454x408,3
356x296,3
372x338,3
466x416,3
222x212,3
258x214,3
456x394,3
1280x722,3
620x350,3
1660x922,3
1600x1064,3
2046x1151,3
487x278,3
431x600,3
680x451,3
1504x1004,3
880x581,3
700x467,3
194x194,3
694x694,3
800x800,3
720x720,3
450x600,3
720x719,3
1080x720,3
450x450,3
197x180,3
173x180,2
241x180,2
1600x900,2
1600x1600,2
574x400,2
494x420,2
198x210,2
304x244,2
414x370,2
696x454,2
237x180,2
216x180,2
204x204,2
1984x1280,2
189x137,1
389x212,1
2048x1361,1
900x596,1
212x180,1
312x158,1
157x203,1
3485x2548,1
152x180,1
212x140,1
246x360,1
129x150,1
451x581,1
172x187,1
183x180,1
225x254,1
309x180,1
272x192,1
177x180,1
298x180,1
193x193,1
155x186,1
667x1000,1
171x137,1
612x398,1
612x559,1
187x187,1
301x167,1
1200x1800,1
763x1055,1
685x502,1
400x267,1
326x284,1
1500x844,1
680x1020,1
2560x2327,1
283x335,1
640x456,1
1275x1650,1
1200x1198,1
2000x2000,1
600x800,1
496x496,1
448x375,1
2015x2048,1
1027x718,1
1725x3264,1
1981x1280,1
1771x1280,1
1760x1280,1
951x531,1
752x470,1
711x516,1
700x465,1
741x501,1
746x501,1
741x521,1
706x496,1
695x562,1
718x480,1
709x532,1
612x420,1
1296x968,1
626x546,1
426x282,1
448x419,1
467x455,1
478x462,1
336x317,1
471x464,1
348x318,1
436x404,1
437x403,1
463x463,1
440x403,1
447x462,1
454x411,1
446x453,1
448x453,1
455x413,1
460x451,1
478x449,1
476x448,1
473x451,1
347x318,1
350x317,1
468x461,1
473x464,1
349x315,1
446x426,1
444x426,1
348x314,1
446x424,1
482x462,1
481x462,1
490x461,1
346x345,1
344x341,1
485x458,1
272x336,1
356x358,1
654x424,1
796x414,1
694x382,1
496x356,1
298x484,1
766x414,1
536x432,1
614x404,1
236x140,1
212x160,1
644x390,1
414x400,1
460x404,1
260x342,1
210x294,1
638x402,1
450x330,1
496x348,1
612x400,1
550x402,1
554x388,1
840x440,1
632x432,1
586x402,1
560x420,1
312x446,1
316x350,1
590x443,1
190x266,1
195x258,1
800x563,1
221x229,1
1500x1120,1
284x178,1
752x467,1
272x185,1
251x201,1
256x197,1
1125x1500,1
2048x1152,1
650x434,1
1300x910,1
1200x803,1
677x902,1
2000x1500,1
600x400,1
970x727,1
1050x698,1
900x1689,1
268x188,1
2851x2667,1
3009x2452,1
272x264,1
452x406,1
218x242,1
430x408,1
542x438,1
228x168,1
376x368,1
388x374,1
500x434,1
382x364,1
566x462,1
416x468,1
370x336,1
296x284,1
540x360,1
440x382,1
320x302,1
458x392,1
450x357,1
2268x1512,1
426x467,1
554x554,1
960x720,1
918x482,1
701x720,1
195x260,1
184x144,1
587x762,1
545x396,1
184x184,1
115x180,1
650x465,1
1173x1200,1
1066x1689,1
202x203,1
254x187,1
264x180,1
198x159,1
612x513,1
212x238,1
480x320,1
97x158,1
350x235,1
2000x1333,1
1326x1300,1
800x515,1
1132x1696,1
1621x1280,1
1814x1280,1
639x424,1
700x475,1
782x562,1
721x562,1
587x480,1
260x300,1
917x1000,1
474x326,1
474x266,1
500x334,1
900x900,1
1728x1736,1
1000x1333,1
443x414,1
436x412,1
433x411,1
344x317,1
465x463,1
455x452,1
461x419,1
478x446,1
469x462,1
466x463,1
470x464,1
468x454,1
448x427,1
348x348,1
347x345,1
347x344,1
342x340,1
306x316,1
608x450,1
500x482,1
474x418,1
424x294,1
370x358,1
342x338,1
580x366,1
530x338,1
568x406,1
502x378,1
616x374,1
528x350,1
414x306,1
309x163,1
550x412,1
590x787,1
238x212,1
1100x734,1
314x294,1
264x272,1
450x440,1
492x400,1
382x314,1
408x334,1
492x466,1
640x360,1
656x656,1
