method,iterations,learning_rate,depth,l2_leaf_reg,accuracy,macro_precision,macro_recall,macro_f1_score,training_time_seconds,prediction_time_ms_per_roi,samples_evaluated,classes_evaluated,class_labels,per_class_precision,per_class_recall,per_class_f1_score,per_class_support,confusion_matrix
CatBoost,100,0.03,4,1,0.4796185202276573,0.4156748085760082,0.35962623675797084,0.3528089547470962,1.9869872000126634,0.0009319796962192212,6501,5,"['Overripe', 'Ripe', 'Rotten', 'Unripe', 'images']","{'Overripe': 0.6097560975609756, 'Ripe': 0.44339622641509435, 'Rotten': 0.5045795170691091, 'Unripe': 0.5206422018348624, 'images': 0.0}","{'Overripe': 0.1594896331738437, 'Ripe': 0.7107750472589792, 'Rotten': 0.36771844660194175, 'Unripe': 0.5601480567550895, 'images': 0.0}","{'Overripe': 0.2528445006321112, 'Ripe': 0.5461147421931736, 'Rotten': 0.4254124254124254, 'Unripe': 0.5396731054977711, 'images': 0.0}","{'Overripe': 627, 'Ripe': 2116, 'Rotten': 1648, 'Unripe': 1621, 'images': 489}","[[100, 378, 80, 69, 0], [35, 1504, 236, 341, 0], [17, 743, 606, 282, 0], [9, 566, 138, 908, 0], [3, 201, 141, 144, 0]]"
CatBoost,100,0.03,4,3,0.48177203507152744,0.41784155153109614,0.3618897829322275,0.3548742000420264,1.5005251999828033,0.0010112598062780999,6501,5,"['Overripe', 'Ripe', 'Rotten', 'Unripe', 'images']","{'Overripe': 0.6153846153846154, 'Ripe': 0.4455562095350206, 'Rotten': 0.5051813471502591, 'Unripe': 0.5230855855855856, 'images': 0.0}","{'Overripe': 0.16586921850079744, 'Ripe': 0.7155009451795841, 'Rotten': 0.3549757281553398, 'Unripe': 0.5731030228254164, 'images': 0.0}","{'Overripe': 0.2613065326633166, 'Ripe': 0.5491476242292347, 'Rotten': 0.41696364932287955, 'Unripe': 0.5469531939947012, 'images': 0.0}","{'Overripe': 627, 'Ripe': 2116, 'Rotten': 1648, 'Unripe': 1621, 'images': 489}","[[104, 372, 82, 69, 0], [35, 1514, 225, 342, 0], [20, 750, 585, 293, 0], [7, 561, 124, 929, 0], [3, 201, 142, 143, 0]]"
CatBoost,100,0.03,4,5,0.483464082448854,0.42498208228283196,0.36188365491786884,0.3545957820372826,1.3432909999974072,0.0010316259066670689,6501,5,"['Overripe', 'Ripe', 'Rotten', 'Unripe', 'images']","{'Overripe': 0.6428571428571429, 'Ripe': 0.44557922381091336, 'Rotten': 0.5121527777777778, 'Unripe': 0.5243212669683258, 'images': 0.0}","{'Overripe': 0.15789473684210525, 'Ripe': 0.7216446124763705, 'Rotten': 0.3580097087378641, 'Unripe': 0.5718692165330043, 'images': 0.0}","{'Overripe': 0.2535211267605634, 'Ripe': 0.55096518130976, 'Rotten': 0.42142857142857143, 'Unripe': 0.5470640306875184, 'images': 0.0}","{'Overripe': 627, 'Ripe': 2116, 'Rotten': 1648, 'Unripe': 1621, 'images': 489}","[[99, 381, 76, 71, 0], [28, 1527, 225, 336, 0], [17, 759, 590, 282, 0], [7, 559, 128, 927, 0], [3, 201, 133, 152, 0]]"
CatBoost,100,0.03,6,1,0.5217658821719735,0.606694935706679,0.41043975201506966,0.41557700518674096,1.9697067999804858,0.0012261959725345943,6501,5,"['Overripe', 'Ripe', 'Rotten', 'Unripe', 'images']","{'Overripe': 0.625531914893617, 'Ripe': 0.4890335846470185, 'Rotten': 0.5186375321336761, 'Unripe': 0.5602716468590832, 'images': 0.84}","{'Overripe': 0.23444976076555024, 'Ripe': 0.6743856332703214, 'Rotten': 0.48968446601941745, 'Unripe': 0.6107341147439852, 'images': 0.04294478527607362}","{'Overripe': 0.34106728538283065, 'Ripe': 0.5669447755264203, 'Rotten': 0.5037453183520599, 'Unripe': 0.5844155844155844, 'images': 0.08171206225680934}","{'Overripe': 627, 'Ripe': 2116, 'Rotten': 1648, 'Unripe': 1621, 'images': 489}","[[147, 314, 105, 61, 0], [52, 1427, 325, 311, 1], [20, 554, 807, 265, 2], [13, 458, 159, 990, 1], [3, 165, 160, 140, 21]]"
CatBoost,100,0.03,6,3,0.5209967697277342,0.6061372919350744,0.40940100166474513,0.41472143931329714,2.082074100006139,0.0014067528104082087,6501,5,"['Overripe', 'Ripe', 'Rotten', 'Unripe', 'images']","{'Overripe': 0.6137339055793991, 'Ripe': 0.4902630679877007, 'Rotten': 0.5138620245003224, 'Unripe': 0.5609756097560976, 'images': 0.8518518518518519}","{'Overripe': 0.22807017543859648, 'Ripe': 0.6781663516068053, 'Rotten': 0.4836165048543689, 'Unripe': 0.6101172115977791, 'images': 0.04703476482617587}","{'Overripe': 0.3325581395348837, 'Ripe': 0.5691056910569106, 'Rotten': 0.49828071272272584, 'Unripe': 0.58451536643026, 'images': 0.08914728682170543}","{'Overripe': 627, 'Ripe': 2116, 'Rotten': 1648, 'Unripe': 1621, 'images': 489}","[[143, 311, 111, 62, 0], [49, 1435, 310, 321, 1], [23, 571, 797, 255, 2], [15, 450, 166, 989, 1], [3, 160, 167, 136, 23]]"
CatBoost,100,0.03,6,5,0.5214582371942778,0.6058022797167714,0.40948693764489946,0.41415813445635363,1.9092128000047524,0.0009082295066451975,6501,5,"['Overripe', 'Ripe', 'Rotten', 'Unripe', 'images']","{'Overripe': 0.6320346320346321, 'Ripe': 0.49245024021962935, 'Rotten': 0.5140664961636828, 'Unripe': 0.5571266968325792, 'images': 0.8333333333333334}","{'Overripe': 0.23285486443381181, 'Ripe': 0.6781663516068053, 'Rotten': 0.4878640776699029, 'Unripe': 0.607649599012955, 'images': 0.0408997955010225}","{'Overripe': 0.34032634032634035, 'Ripe': 0.5705765407554672, 'Rotten': 0.5006226650062267, 'Unripe': 0.5812924166420773, 'images': 0.07797270955165692}","{'Overripe': 627, 'Ripe': 2116, 'Rotten': 1648, 'Unripe': 1621, 'images': 489}","[[146, 309, 111, 61, 0], [45, 1435, 313, 322, 1], [24, 558, 804, 260, 2], [13, 455, 167, 985, 1], [3, 157, 169, 140, 20]]"
CatBoost,100,0.03,8,1,0.5611444393170282,0.6284857446854714,0.45642397115723093,0.469098606931359,11.219361099996604,0.000870235349110247,6501,5,"['Overripe', 'Ripe', 'Rotten', 'Unripe', 'images']","{'Overripe': 0.6378737541528239, 'Ripe': 0.5328413284132841, 'Rotten': 0.52989449003517, 'Unripe': 0.6148960739030023, 'images': 0.8269230769230769}","{'Overripe': 0.3062200956937799, 'Ripe': 0.6824196597353497, 'Rotten': 0.5485436893203883, 'Unripe': 0.6570018507094386, 'images': 0.08793456032719836}","{'Overripe': 0.41379310344827586, 'Ripe': 0.5984251968503937, 'Rotten': 0.5390578413834228, 'Unripe': 0.6352520131225768, 'images': 0.1589648798521257}","{'Overripe': 627, 'Ripe': 2116, 'Rotten': 1648, 'Unripe': 1621, 'images': 489}","[[192, 250, 127, 58, 0], [57, 1444, 348, 263, 4], [29, 490, 904, 222, 3], [20, 371, 163, 1065, 2], [3, 155, 164, 124, 43]]"
CatBoost,100,0.03,8,3,0.5551453622519612,0.6298897886984386,0.449201019709247,0.4597533114017297,11.171059100015555,0.0008218120280014306,6501,5,"['Overripe', 'Ripe', 'Rotten', 'Unripe', 'images']","{'Overripe': 0.6308724832214765, 'Ripe': 0.525890561880279, 'Rotten': 0.522248243559719, 'Unripe': 0.6132947976878613, 'images': 0.8571428571428571}","{'Overripe': 0.29984051036682613, 'Ripe': 0.6767485822306238, 'Rotten': 0.5412621359223301, 'Unripe': 0.6545342381246144, 'images': 0.0736196319018405}","{'Overripe': 0.4064864864864865, 'Ripe': 0.5918578218640215, 'Rotten': 0.531585220500596, 'Unripe': 0.6332438078185616, 'images': 0.13559322033898305}","{'Overripe': 627, 'Ripe': 2116, 'Rotten': 1648, 'Unripe': 1621, 'images': 489}","[[188, 262, 120, 57, 0], [62, 1432, 360, 259, 3], [27, 508, 892, 218, 3], [18, 371, 171, 1061, 0], [3, 150, 165, 135, 36]]"
CatBoost,100,0.03,8,5,0.5531456698969389,0.6276417329722631,0.44706240933128677,0.45712837742397816,10.546598899993114,0.0011753730202350727,6501,5,"['Overripe', 'Ripe', 'Rotten', 'Unripe', 'images']","{'Overripe': 0.6342281879194631, 'Ripe': 0.5252008765522279, 'Rotten': 0.5242890995260664, 'Unripe': 0.6044905008635578, 'images': 0.85}","{'Overripe': 0.3014354066985646, 'Ripe': 0.6795841209829868, 'Rotten': 0.5370145631067961, 'Unripe': 0.6477483035163479, 'images': 0.06952965235173825}","{'Overripe': 0.40864864864864864, 'Ripe': 0.5925010300782859, 'Rotten': 0.5305755395683454, 'Unripe': 0.6253722453841573, 'images': 0.1285444234404537}","{'Overripe': 627, 'Ripe': 2116, 'Rotten': 1648, 'Unripe': 1621, 'images': 489}","[[189, 264, 118, 56, 0], [58, 1438, 345, 273, 2], [28, 505, 885, 227, 3], [20, 381, 169, 1050, 1], [3, 150, 171, 131, 34]]"
CatBoost,100,0.05,4,1,0.5039224734656207,0.5437378985377855,0.3894216562117597,0.3867326120822539,1.2977191999962088,0.0008188740184771003,6501,5,"['Overripe', 'Ripe', 'Rotten', 'Unripe', 'images']","{'Overripe': 0.5982532751091703, 'Ripe': 0.4726666666666667, 'Rotten': 0.5037338764426341, 'Unripe': 0.5440356744704571, 'images': 0.6}","{'Overripe': 0.21850079744816586, 'Ripe': 0.6701323251417769, 'Rotten': 0.45024271844660196, 'Unripe': 0.6020974706971005, 'images': 0.006134969325153374}","{'Overripe': 0.32009345794392524, 'Ripe': 0.5543393275996873, 'Rotten': 0.4754886254405639, 'Unripe': 0.5715959004392387, 'images': 0.012145748987854251}","{'Overripe': 627, 'Ripe': 2116, 'Rotten': 1648, 'Unripe': 1621, 'images': 489}","[[137, 329, 97, 64, 0], [50, 1418, 311, 336, 1], [26, 601, 742, 278, 1], [13, 475, 157, 976, 0], [3, 177, 166, 140, 3]]"
CatBoost,100,0.05,4,3,0.5043839409321643,0.5215331696255072,0.38907375609820216,0.3858860746797713,1.260045100003481,0.0008375019249370916,6501,5,"['Overripe', 'Ripe', 'Rotten', 'Unripe', 'images']","{'Overripe': 0.5833333333333334, 'Ripe': 0.47340247574439615, 'Rotten': 0.5077545515846258, 'Unripe': 0.5431754874651811, 'images': 0.5}","{'Overripe': 0.21212121212121213, 'Ripe': 0.6687145557655955, 'Rotten': 0.45691747572815533, 'Unripe': 0.6014805675508945, 'images': 0.006134969325153374}","{'Overripe': 0.3111111111111111, 'Ripe': 0.55435847208619, 'Rotten': 0.48099648674544876, 'Unripe': 0.5708430913348946, 'images': 0.012121212121212121}","{'Overripe': 627, 'Ripe': 2116, 'Rotten': 1648, 'Unripe': 1621, 'images': 489}","[[133, 322, 104, 68, 0], [54, 1415, 309, 337, 1], [26, 595, 753, 273, 1], [12, 479, 154, 975, 1], [3, 178, 163, 142, 3]]"
CatBoost,100,0.05,4,5,0.5017689586217505,0.5929143814768989,0.3876020488649866,0.3859428318893969,1.277281500020763,0.0013140439933102587,6501,5,"['Overripe', 'Ripe', 'Rotten', 'Unripe', 'images']","{'Overripe': 0.5919282511210763, 'Ripe': 0.4695162359178264, 'Rotten': 0.5047619047619047, 'Unripe': 0.5412226584408301, 'images': 0.8571428571428571}","{'Overripe': 0.21052631578947367, 'Ripe': 0.6696597353497165, 'Rotten': 0.45024271844660196, 'Unripe': 0.595311536088834, 'images': 0.012269938650306749}","{'Overripe': 0.31058823529411766, 'Ripe': 0.5520062329567589, 'Rotten': 0.4759461193072482, 'Unripe': 0.5669800235017627, 'images': 0.024193548387096774}","{'Overripe': 627, 'Ripe': 2116, 'Rotten': 1648, 'Unripe': 1621, 'images': 489}","[[132, 331, 96, 68, 0], [52, 1417, 314, 333, 0], [24, 607, 742, 275, 0], [12, 487, 156, 965, 1], [3, 176, 162, 142, 6]]"
CatBoost,100,0.05,6,1,0.5474542378095678,0.6316553861816345,0.44383478769706697,0.4538052329807075,1.9649137999804225,0.0008724657742748113,6501,5,"['Overripe', 'Ripe', 'Rotten', 'Unripe', 'images']","{'Overripe': 0.6319218241042345, 'Ripe': 0.5203969128996693, 'Rotten': 0.5207100591715976, 'Unripe': 0.5933562428407789, 'images': 0.8918918918918919}","{'Overripe': 0.3094098883572568, 'Ripe': 0.6691871455576559, 'Rotten': 0.5339805825242718, 'Unripe': 0.6391116594694632, 'images': 0.06748466257668712}","{'Overripe': 0.41541755888650966, 'Ripe': 0.5854868720281166, 'Rotten': 0.5272618334331935, 'Unripe': 0.6153846153846154, 'images': 0.12547528517110265}","{'Overripe': 627, 'Ripe': 2116, 'Rotten': 1648, 'Unripe': 1621, 'images': 489}","[[194, 260, 114, 59, 0], [64, 1416, 347, 288, 1], [32, 492, 880, 241, 3], [14, 397, 174, 1036, 0], [3, 156, 175, 122, 33]]"
CatBoost,100,0.05,6,3,0.5451469004768497,0.6241333215675805,0.44046065396097944,0.4506978010958621,1.9750174999935552,0.0007936317483534806,6501,5,"['Overripe', 'Ripe', 'Rotten', 'Unripe', 'images']","{'Overripe': 0.6094276094276094, 'Ripe': 0.5144002916514765, 'Rotten': 0.5206216377764495, 'Unripe': 0.5981682884945622, 'images': 0.8780487804878049}","{'Overripe': 0.2886762360446571, 'Ripe': 0.6668241965973535, 'Rotten': 0.5285194174757282, 'Unripe': 0.6446637877853177, 'images': 0.0736196319018405}","{'Overripe': 0.3917748917748918, 'Ripe': 0.5807779378472937, 'Rotten': 0.5245408009635651, 'Unripe': 0.6205463182897862, 'images': 0.13584905660377358}","{'Overripe': 627, 'Ripe': 2116, 'Rotten': 1648, 'Unripe': 1621, 'images': 489}","[[181, 275, 117, 54, 0], [67, 1411, 340, 296, 2], [30, 518, 871, 226, 3], [16, 384, 176, 1045, 0], [3, 155, 169, 126, 36]]"
CatBoost,100,0.05,6,5,0.5405322258114136,0.6149075106665945,0.435319208713344,0.44400276051135457,2.0009272000170313,0.0010070758340603786,6501,5,"['Overripe', 'Ripe', 'Rotten', 'Unripe', 'images']","{'Overripe': 0.6215277777777778, 'Ripe': 0.5137816979051819, 'Rotten': 0.5188059701492538, 'Unripe': 0.5825842696629213, 'images': 0.8378378378378378}","{'Overripe': 0.28548644338118023, 'Ripe': 0.6606805293005671, 'Rotten': 0.5273058252427184, 'Unripe': 0.6397285626156693, 'images': 0.06339468302658487}","{'Overripe': 0.3912568306010929, 'Ripe': 0.5780442422989456, 'Rotten': 0.5230213662353296, 'Unripe': 0.6098206409879448, 'images': 0.11787072243346007}","{'Overripe': 627, 'Ripe': 2116, 'Rotten': 1648, 'Unripe': 1621, 'images': 489}","[[179, 267, 121, 60, 0], [62, 1398, 350, 304, 2], [27, 508, 869, 240, 4], [16, 397, 171, 1037, 0], [4, 151, 164, 139, 31]]"
CatBoost,100,0.05,8,1,0.590832179664667,0.6619532069779168,0.5055327742653848,0.5303915076266964,11.228010700026061,0.0007533302583007253,6501,5,"['Overripe', 'Ripe', 'Rotten', 'Unripe', 'images']","{'Overripe': 0.6802168021680217, 'Ripe': 0.5584920326467159, 'Rotten': 0.5529875986471251, 'Unripe': 0.6430696014277216, 'images': 0.875}","{'Overripe': 0.4003189792663477, 'Ripe': 0.6791115311909263, 'Rotten': 0.5952669902912622, 'Unripe': 0.6668723010487353, 'images': 0.18609406952965235}","{'Overripe': 0.5040160642570282, 'Ripe': 0.6129238643634037, 'Rotten': 0.5733489187609585, 'Unripe': 0.6547546941247728, 'images': 0.3069139966273187}","{'Overripe': 627, 'Ripe': 2116, 'Rotten': 1648, 'Unripe': 1621, 'images': 489}","[[251, 210, 119, 47, 0], [68, 1437, 364, 244, 3], [33, 431, 981, 196, 7], [13, 354, 170, 1081, 3], [4, 141, 140, 113, 91]]"
CatBoost,100,0.05,8,3,0.5859098600215351,0.6495321879520702,0.4975752360987563,0.5182159535065424,11.033343300019624,0.0007759267838542584,6501,5,"['Overripe', 'Ripe', 'Rotten', 'Unripe', 'images']","{'Overripe': 0.6587926509186351, 'Ripe': 0.555424990207599, 'Rotten': 0.5434782608695652, 'Unripe': 0.6472684085510689, 'images': 0.8426966292134831}","{'Overripe': 0.4003189792663477, 'Ripe': 0.6701323251417769, 'Rotten': 0.591626213592233, 'Unripe': 0.6724244293645898, 'images': 0.15337423312883436}","{'Overripe': 0.498015873015873, 'Ripe': 0.6074105804240737, 'Rotten': 0.5665310865775712, 'Unripe': 0.659606656580938, 'images': 0.25951557093425603}","{'Overripe': 627, 'Ripe': 2116, 'Rotten': 1648, 'Unripe': 1621, 'images': 489}","[[251, 203, 125, 47, 1], [73, 1418, 370, 249, 6], [37, 440, 975, 191, 5], [17, 344, 168, 1090, 2], [3, 148, 156, 107, 75]]"
CatBoost,100,0.05,8,5,0.5777572681125981,0.6359268058543817,0.4868302945113395,0.5083214961594751,11.882488400005968,0.0007946315976674901,6501,5,"['Overripe', 'Ripe', 'Rotten', 'Unripe', 'images']","{'Overripe': 0.6657060518731989, 'Ripe': 0.541871921182266, 'Rotten': 0.5469740634005764, 'Unripe': 0.6356083086053412, 'images': 0.7894736842105263}","{'Overripe': 0.3684210526315789, 'Ripe': 0.6758034026465028, 'Rotten': 0.5758495145631068, 'Unripe': 0.6607032695866749, 'images': 0.15337423312883436}","{'Overripe': 0.47433264887063653, 'Ripe': 0.601472134595163, 'Rotten': 0.5610404966006504, 'Unripe': 0.647912885662432, 'images': 0.2568493150684932}","{'Overripe': 627, 'Ripe': 2116, 'Rotten': 1648, 'Unripe': 1621, 'images': 489}","[[231, 223, 117, 53, 3], [70, 1430, 362, 247, 7], [27, 467, 949, 200, 5], [16, 367, 162, 1071, 5], [3, 152, 145, 114, 75]]"
CatBoost,100,0.1,4,1,0.5329949238578681,0.5799659636851563,0.43224340255364757,0.44189443399725753,1.5578491000051145,0.0007184279339502333,6501,5,"['Overripe', 'Ripe', 'Rotten', 'Unripe', 'images']","{'Overripe': 0.5904761904761905, 'Ripe': 0.501827485380117, 'Rotten': 0.5140802875973637, 'Unripe': 0.5851125216387767, 'images': 0.7083333333333334}","{'Overripe': 0.2966507177033493, 'Ripe': 0.6488657844990549, 'Rotten': 0.5206310679611651, 'Unripe': 0.6255397902529303, 'images': 0.06952965235173825}","{'Overripe': 0.39490445859872614, 'Ripe': 0.5659521846661171, 'Rotten': 0.5173349412119385, 'Unripe': 0.6046511627906976, 'images': 0.1266294227188082}","{'Overripe': 627, 'Ripe': 2116, 'Rotten': 1648, 'Unripe': 1621, 'images': 489}","[[186, 271, 116, 54, 0], [75, 1373, 362, 302, 4], [40, 501, 858, 245, 4], [11, 431, 159, 1014, 6], [3, 160, 174, 118, 34]]"
CatBoost,100,0.1,4,3,0.5299184740809106,0.575003716590037,0.4313391200467341,0.4412575202338284,1.3388312000024598,0.0008063990136540004,6501,5,"['Overripe', 'Ripe', 'Rotten', 'Unripe', 'images']","{'Overripe': 0.5736196319018405, 'Ripe': 0.5027808676307007, 'Rotten': 0.506268656716418, 'Unripe': 0.5808109651627641, 'images': 0.7115384615384616}","{'Overripe': 0.2982456140350877, 'Ripe': 0.6408317580340265, 'Rotten': 0.5145631067961165, 'Unripe': 0.6273904996915485, 'images': 0.07566462167689161}","{'Overripe': 0.39244491080797483, 'Ripe': 0.5634739247870351, 'Rotten': 0.5103821847727956, 'Unripe': 0.603202846975089, 'images': 0.1367837338262477}","{'Overripe': 627, 'Ripe': 2116, 'Rotten': 1648, 'Unripe': 1621, 'images': 489}","[[187, 255, 123, 61, 1], [79, 1356, 367, 310, 4], [42, 511, 848, 244, 3], [15, 415, 167, 1017, 7], [3, 160, 170, 119, 37]]"
CatBoost,100,0.1,4,5,0.5263805568374096,0.5674034838522535,0.42890661379323536,0.44029110058811244,1.387752200011164,0.0008052453451566862,6501,5,"['Overripe', 'Ripe', 'Rotten', 'Unripe', 'images']","{'Overripe': 0.5660377358490566, 'Ripe': 0.4963072378138848, 'Rotten': 0.5041617122473246, 'Unripe': 0.581986143187067, 'images': 0.6885245901639344}","{'Overripe': 0.28708133971291866, 'Ripe': 0.6351606805293005, 'Rotten': 0.5145631067961165, 'Unripe': 0.621838371375694, 'images': 0.08588957055214724}","{'Overripe': 0.38095238095238093, 'Ripe': 0.5572139303482587, 'Rotten': 0.5093093093093093, 'Unripe': 0.6012526096033403, 'images': 0.15272727272727274}","{'Overripe': 627, 'Ripe': 2116, 'Rotten': 1648, 'Unripe': 1621, 'images': 489}","[[180, 266, 120, 60, 1], [82, 1344, 382, 301, 7], [37, 512, 848, 248, 3], [16, 425, 164, 1008, 8], [3, 161, 168, 115, 42]]"
CatBoost,100,0.1,6,1,0.5859098600215351,0.63509289195562,0.5030065769311416,0.5253937837483418,2.0460736000095494,0.0007402861104119747,6501,5,"['Overripe', 'Ripe', 'Rotten', 'Unripe', 'images']","{'Overripe': 0.6684073107049608, 'Ripe': 0.5568, 'Rotten': 0.5499438832772167, 'Unripe': 0.6350958744915747, 'images': 0.7652173913043478}","{'Overripe': 0.4082934609250399, 'Ripe': 0.6578449905482041, 'Rotten': 0.5946601941747572, 'Unripe': 0.6742751388032079, 'images': 0.17995910020449898}","{'Overripe': 0.5069306930693069, 'Ripe': 0.6031195840554593, 'Rotten': 0.5714285714285714, 'Unripe': 0.6540993417115499, 'images': 0.2913907284768212}","{'Overripe': 627, 'Ripe': 2116, 'Rotten': 1648, 'Unripe': 1621, 'images': 489}","[[256, 200, 117, 53, 1], [75, 1392, 375, 265, 9], [35, 423, 980, 202, 8], [14, 347, 158, 1093, 9], [3, 138, 152, 108, 88]]"
CatBoost,100,0.1,6,3,0.5834487001999692,0.6337054261580057,0.49965028258332217,0.5208124874757045,2.1658912999846507,0.0009544070157466132,6501,5,"['Overripe', 'Ripe', 'Rotten', 'Unripe', 'images']","{'Overripe': 0.6727272727272727, 'Ripe': 0.5594855305466238, 'Rotten': 0.5379041248606466, 'Unripe': 0.6342592592592593, 'images': 0.7641509433962265}","{'Overripe': 0.4130781499202552, 'Ripe': 0.6578449905482041, 'Rotten': 0.5855582524271845, 'Unripe': 0.6761258482418261, 'images': 0.1656441717791411}","{'Overripe': 0.5118577075098815, 'Ripe': 0.6046915725456126, 'Rotten': 0.5607205113306217, 'Unripe': 0.6545237384293819, 'images': 0.2722689075630252}","{'Overripe': 627, 'Ripe': 2116, 'Rotten': 1648, 'Unripe': 1621, 'images': 489}","[[259, 192, 122, 52, 2], [71, 1392, 378, 267, 8], [38, 434, 965, 203, 8], [14, 333, 171, 1096, 7], [3, 137, 158, 110, 81]]"
CatBoost,100,0.1,6,5,0.580218427934164,0.6288352529516377,0.4955101989302696,0.5168338706150845,2.0327274999872316,0.0010318412553144247,6501,5,"['Overripe', 'Ripe', 'Rotten', 'Unripe', 'images']","{'Overripe': 0.6569148936170213, 'Ripe': 0.5536, 'Rotten': 0.54082774049217, 'Unripe': 0.6313657407407407, 'images': 0.7614678899082569}","{'Overripe': 0.3939393939393939, 'Ripe': 0.6540642722117203, 'Rotten': 0.5867718446601942, 'Unripe': 0.6730413325107958, 'images': 0.16973415132924335}","{'Overripe': 0.49252243270189433, 'Ripe': 0.5996533795493935, 'Rotten': 0.5628637951105937, 'Unripe': 0.6515377724693938, 'images': 0.27759197324414714}","{'Overripe': 627, 'Ripe': 2116, 'Rotten': 1648, 'Unripe': 1621, 'images': 489}","[[247, 204, 122, 52, 2], [76, 1384, 377, 271, 8], [35, 437, 967, 202, 7], [15, 333, 173, 1091, 9], [3, 142, 149, 112, 83]]"
CatBoost,100,0.1,8,1,0.6246731272111983,0.6583254463500807,0.5571613629969322,0.5825780314263916,10.363593599991873,0.0012454391602046272,6501,5,"['Overripe', 'Ripe', 'Rotten', 'Unripe', 'images']","{'Overripe': 0.6890380313199105, 'Ripe': 0.6021141649048626, 'Rotten': 0.5794037940379404, 'Unripe': 0.6765060240963855, 'images': 0.7445652173913043}","{'Overripe': 0.49122807017543857, 'Ripe': 0.6729678638941399, 'Rotten': 0.6486650485436893, 'Unripe': 0.6927822331893893, 'images': 0.28016359918200406}","{'Overripe': 0.5735567970204841, 'Ripe': 0.6355724168712341, 'Rotten': 0.612081305468079, 'Unripe': 0.6845473940871686, 'images': 0.40713224368499257}","{'Overripe': 627, 'Ripe': 2116, 'Rotten': 1648, 'Unripe': 1621, 'images': 489}","[[308, 166, 112, 37, 4], [78, 1424, 374, 228, 12], [42, 358, 1069, 167, 12], [15, 295, 169, 1123, 19], [4, 122, 121, 105, 137]]"
CatBoost,100,0.1,8,3,0.6206737425011537,0.6601913271501814,0.5488582697798133,0.5749014621571092,10.773076500016032,0.000932979541056407,6501,5,"['Overripe', 'Ripe', 'Rotten', 'Unripe', 'images']","{'Overripe': 0.6712962962962963, 'Ripe': 0.5964106844741235, 'Rotten': 0.5774419859686994, 'Unripe': 0.6747425802543913, 'images': 0.7810650887573964}","{'Overripe': 0.4625199362041467, 'Ripe': 0.6753308128544423, 'Rotten': 0.6492718446601942, 'Unripe': 0.6872301048735349, 'images': 0.26993865030674846}","{'Overripe': 0.5476864966949953, 'Ripe': 0.6334219858156028, 'Rotten': 0.6112539274493002, 'Unripe': 0.6809290953545232, 'images': 0.4012158054711246}","{'Overripe': 627, 'Ripe': 2116, 'Rotten': 1648, 'Unripe': 1621, 'images': 489}","[[290, 180, 119, 35, 3], [80, 1429, 368, 230, 9], [43, 350, 1070, 175, 10], [15, 309, 168, 1114, 15], [4, 128, 128, 97, 132]]"
CatBoost,100,0.1,8,5,0.615597600369174,0.6546014431199937,0.5444920730800088,0.5695555436142532,10.283656200015685,0.0008710198408232535,6501,5,"['Overripe', 'Ripe', 'Rotten', 'Unripe', 'images']","{'Overripe': 0.6742596810933941, 'Ripe': 0.5912897822445561, 'Rotten': 0.5697232772653282, 'Unripe': 0.670863309352518, 'images': 0.7668711656441718}","{'Overripe': 0.47208931419457734, 'Ripe': 0.667296786389414, 'Rotten': 0.6371359223300971, 'Unripe': 0.690314620604565, 'images': 0.2556237218813906}","{'Overripe': 0.5553470919324578, 'Ripe': 0.6269982238010657, 'Rotten': 0.6015468347178459, 'Unripe': 0.6804499847978109, 'images': 0.3834355828220859}","{'Overripe': 627, 'Ripe': 2116, 'Rotten': 1648, 'Unripe': 1621, 'images': 489}","[[296, 172, 118, 38, 3], [83, 1412, 375, 234, 12], [41, 369, 1050, 181, 7], [15, 303, 168, 1119, 16], [4, 132, 132, 96, 125]]"
CatBoost,200,0.03,4,1,0.5114597754191663,0.588687847133601,0.4009549111050851,0.40440536852826237,2.4416108999866992,0.0007465159194021064,6501,5,"['Overripe', 'Ripe', 'Rotten', 'Unripe', 'images']","{'Overripe': 0.5755102040816327, 'Ripe': 0.47993197278911565, 'Rotten': 0.5078636959370905, 'Unripe': 0.5540464063384267, 'images': 0.8260869565217391}","{'Overripe': 0.22488038277511962, 'Ripe': 0.6668241965973535, 'Rotten': 0.4702669902912621, 'Unripe': 0.6039481801357187, 'images': 0.03885480572597137}","{'Overripe': 0.32339449541284404, 'Ripe': 0.5581487341772152, 'Rotten': 0.48834278512917456, 'Unripe': 0.577922077922078, 'images': 0.07421875}","{'Overripe': 627, 'Ripe': 2116, 'Rotten': 1648, 'Unripe': 1621, 'images': 489}","[[141, 310, 109, 67, 0], [57, 1411, 321, 325, 2], [32, 575, 775, 265, 1], [12, 479, 150, 979, 1], [3, 165, 171, 131, 19]]"
CatBoost,200,0.03,4,3,0.5083833256422089,0.5918988770229039,0.39532815941794397,0.39579362268366675,2.3806564999977127,0.0008523304093760347,6501,5,"['Overripe', 'Ripe', 'Rotten', 'Unripe', 'images']","{'Overripe': 0.5643153526970954, 'Ripe': 0.47520107238605896, 'Rotten': 0.5106809078771696, 'Unripe': 0.5521541950113379, 'images': 0.8571428571428571}","{'Overripe': 0.21690590111642744, 'Ripe': 0.6701323251417769, 'Rotten': 0.4641990291262136, 'Unripe': 0.6008636644046884, 'images': 0.024539877300613498}","{'Overripe': 0.31336405529953915, 'Ripe': 0.556078431372549, 'Rotten': 0.4863318499682136, 'Unripe': 0.575480059084195, 'images': 0.04771371769383698}","{'Overripe': 627, 'Ripe': 2116, 'Rotten': 1648, 'Unripe': 1621, 'images': 489}","[[136, 325, 106, 60, 0], [57, 1418, 314, 326, 1], [33, 583, 765, 267, 0], [12, 484, 150, 974, 1], [3, 174, 163, 137, 12]]"
CatBoost,200,0.03,4,5,0.5100753730195354,0.5968468966427102,0.3975476525469845,0.3988778106655292,2.5967557999829296,0.0007376249789990515,6501,5,"['Overripe', 'Ripe', 'Rotten', 'Unripe', 'images']","{'Overripe': 0.5743801652892562, 'Ripe': 0.47488278633623576, 'Rotten': 0.5102717031146454, 'Unripe': 0.5580331618067467, 'images': 0.8666666666666667}","{'Overripe': 0.22169059011164274, 'Ripe': 0.6701323251417769, 'Rotten': 0.4672330097087379, 'Unripe': 0.6020974706971005, 'images': 0.026584867075664622}","{'Overripe': 0.31990794016110474, 'Ripe': 0.555860446883575, 'Rotten': 0.4878048780487805, 'Unripe': 0.5792284866468843, 'images': 0.051587301587301584}","{'Overripe': 627, 'Ripe': 2116, 'Rotten': 1648, 'Unripe': 1621, 'images': 489}","[[139, 320, 107, 61, 0], [58, 1418, 320, 319, 1], [30, 590, 770, 258, 0], [12, 484, 148, 976, 1], [3, 174, 164, 135, 13]]"
CatBoost,200,0.03,6,1,0.5517612674973081,0.6197451213749192,0.4518583468386653,0.46243386198604053,3.961162699997658,0.0008934317824614564,6501,5,"['Overripe', 'Ripe', 'Rotten', 'Unripe', 'images']","{'Overripe': 0.6393939393939394, 'Ripe': 0.5252830188679245, 'Rotten': 0.5156431054461182, 'Unripe': 0.6044520547945206, 'images': 0.813953488372093}","{'Overripe': 0.3365231259968102, 'Ripe': 0.6578449905482041, 'Rotten': 0.5400485436893204, 'Unripe': 0.6533004318322023, 'images': 0.07157464212678936}","{'Overripe': 0.44096133751306166, 'Ripe': 0.5841376416281997, 'Rotten': 0.5275637225844695, 'Unripe': 0.627927660836051, 'images': 0.13157894736842105}","{'Overripe': 627, 'Ripe': 2116, 'Rotten': 1648, 'Unripe': 1621, 'images': 489}","[[211, 248, 115, 53, 0], [71, 1392, 362, 288, 3], [32, 494, 890, 229, 3], [13, 375, 172, 1059, 2], [3, 141, 187, 123, 35]]"
CatBoost,200,0.03,6,3,0.555453007229657,0.6258478678268485,0.45532391764999136,0.4670389711275454,3.829497300001094,0.0008297338838225015,6501,5,"['Overripe', 'Ripe', 'Rotten', 'Unripe', 'images']","{'Overripe': 0.647239263803681, 'Ripe': 0.5282167042889391, 'Rotten': 0.5173812282734647, 'Unripe': 0.6103151862464183, 'images': 0.8260869565217391}","{'Overripe': 0.3365231259968102, 'Ripe': 0.6635160680529301, 'Rotten': 0.5418689320388349, 'Unripe': 0.6570018507094386, 'images': 0.07770961145194274}","{'Overripe': 0.4428121720881427, 'Ripe': 0.5881860075408463, 'Rotten': 0.5293420272673385, 'Unripe': 0.6327985739750446, 'images': 0.14205607476635515}","{'Overripe': 627, 'Ripe': 2116, 'Rotten': 1648, 'Unripe': 1621, 'images': 489}","[[211, 246, 115, 55, 0], [66, 1404, 361, 281, 4], [32, 496, 893, 224, 3], [14, 365, 176, 1065, 1], [3, 147, 181, 120, 38]]"
CatBoost,200,0.03,6,5,0.5517612674973081,0.6182999178959768,0.45026290995987284,0.46024480482436053,3.8111275999981444,0.0008157975676586547,6501,5,"['Overripe', 'Ripe', 'Rotten', 'Unripe', 'images']","{'Overripe': 0.6366459627329193, 'Ripe': 0.5263752825923135, 'Rotten': 0.5169194865810969, 'Unripe': 0.6020350480497456, 'images': 0.8095238095238095}","{'Overripe': 0.3269537480063796, 'Ripe': 0.6602079395085066, 'Rotten': 0.537621359223301, 'Unripe': 0.6570018507094386, 'images': 0.06952965235173825}","{'Overripe': 0.4320337197049526, 'Ripe': 0.5857442348008386, 'Rotten': 0.5270672218917312, 'Unripe': 0.6283185840707964, 'images': 0.128060263653484}","{'Overripe': 627, 'Ripe': 2116, 'Rotten': 1648, 'Unripe': 1621, 'images': 489}","[[205, 254, 114, 54, 0], [64, 1397, 357, 294, 4], [33, 493, 886, 233, 3], [17, 368, 170, 1065, 1], [3, 142, 187, 123, 34]]"
CatBoost,200,0.03,8,1,0.6009844639286264,0.6548429940559923,0.5213510986259591,0.5463815296896668,20.253526000014972,0.0009907860338038649,6501,5,"['Overripe', 'Ripe', 'Rotten', 'Unripe', 'images']","{'Overripe': 0.685785536159601, 'Ripe': 0.5692124105011933, 'Rotten': 0.5595768374164811, 'Unripe': 0.6580528846153846, 'images': 0.8015873015873016}","{'Overripe': 0.43859649122807015, 'Ripe': 0.6762759924385633, 'Rotten': 0.6098300970873787, 'Unripe': 0.67550894509562, 'images': 0.2065439672801636}","{'Overripe': 0.5350194552529183, 'Ripe': 0.6181425485961123, 'Rotten': 0.5836236933797909, 'Unripe': 0.6666666666666666, 'images': 0.3284552845528455}","{'Overripe': 627, 'Ripe': 2116, 'Rotten': 1648, 'Unripe': 1621, 'images': 489}","[[275, 195, 113, 42, 2], [74, 1431, 370, 234, 7], [34, 418, 1005, 185, 6], [15, 333, 168, 1095, 10], [3, 137, 140, 108, 101]]"
CatBoost,200,0.03,8,3,0.5951392093524073,0.6517280484978147,0.5128653668174546,0.5368384805120026,20.34868190000998,0.0009353330251490739,6501,5,"['Overripe', 'Ripe', 'Rotten', 'Unripe', 'images']","{'Overripe': 0.6683673469387755, 'Ripe': 0.5636942675159236, 'Rotten': 0.552031163049527, 'Unripe': 0.6555819477434679, 'images': 0.8189655172413793}","{'Overripe': 0.4178628389154705, 'Ripe': 0.6691871455576559, 'Rotten': 0.6019417475728155, 'Unripe': 0.6810610734114744, 'images': 0.19427402862985685}","{'Overripe': 0.5142296368989205, 'Ripe': 0.6119273984442524, 'Rotten': 0.5759071117561684, 'Unripe': 0.6680786686838124, 'images': 0.3140495867768595}","{'Overripe': 627, 'Ripe': 2116, 'Rotten': 1648, 'Unripe': 1621, 'images': 489}","[[262, 200, 120, 43, 2], [78, 1416, 373, 244, 5], [35, 428, 992, 187, 6], [14, 327, 168, 1104, 8], [3, 141, 144, 106, 95]]"
CatBoost,200,0.03,8,5,0.5919089370866021,0.6529765348029241,0.5076991584279528,0.5315609396369928,18.903647300001467,0.0010580218408111793,6501,5,"['Overripe', 'Ripe', 'Rotten', 'Unripe', 'images']","{'Overripe': 0.6571428571428571, 'Ripe': 0.5599214145383105, 'Rotten': 0.5556182947487295, 'Unripe': 0.6467455621301775, 'images': 0.8454545454545455}","{'Overripe': 0.40350877192982454, 'Ripe': 0.6734404536862004, 'Rotten': 0.5970873786407767, 'Unripe': 0.6742751388032079, 'images': 0.1901840490797546}","{'Overripe': 0.5, 'Ripe': 0.6114567689337053, 'Rotten': 0.5756069026031003, 'Unripe': 0.6602234974327997, 'images': 0.3105175292153589}","{'Overripe': 627, 'Ripe': 2116, 'Rotten': 1648, 'Unripe': 1621, 'images': 489}","[[253, 212, 115, 47, 0], [78, 1425, 361, 247, 5], [35, 429, 984, 194, 6], [15, 338, 169, 1093, 6], [4, 141, 142, 109, 93]]"
CatBoost,200,0.05,4,1,0.5308414090139979,0.5904650396455106,0.4307655436052421,0.4412583389098296,2.6193456999899354,0.0007253345625681055,6501,5,"['Overripe', 'Ripe', 'Rotten', 'Unripe', 'images']","{'Overripe': 0.6271186440677966, 'Ripe': 0.5009221689413501, 'Rotten': 0.5041420118343195, 'Unripe': 0.5810119386014782, 'images': 0.7391304347826086}","{'Overripe': 0.29505582137161085, 'Ripe': 0.6417769376181475, 'Rotten': 0.5169902912621359, 'Unripe': 0.6304750154225787, 'images': 0.06952965235173825}","{'Overripe': 0.40130151843817785, 'Ripe': 0.5626683240107727, 'Rotten': 0.5104853205512283, 'Unripe': 0.6047337278106509, 'images': 0.12710280373831775}","{'Overripe': 627, 'Ripe': 2116, 'Rotten': 1648, 'Unripe': 1621, 'images': 489}","[[185, 264, 117, 61, 0], [64, 1358, 379, 311, 4], [28, 526, 852, 240, 2], [15, 412, 166, 1022, 6], [3, 151, 176, 125, 34]]"
CatBoost,200,0.05,4,3,0.535456083679434,0.5821050049483825,0.4330723897767853,0.44210081339365404,2.6115506000060122,0.0008711428997513561,6501,5,"['Overripe', 'Ripe', 'Rotten', 'Unripe', 'images']","{'Overripe': 0.6187290969899666, 'Ripe': 0.5064409274935591, 'Rotten': 0.5140298507462686, 'Unripe': 0.5824362606232295, 'images': 0.6888888888888889}","{'Overripe': 0.29505582137161085, 'Ripe': 0.6502835538752363, 'Rotten': 0.5224514563106796, 'Unripe': 0.634176434299815, 'images': 0.06339468302658487}","{'Overripe': 0.39956803455723544, 'Ripe': 0.569418580591765, 'Rotten': 0.518206439963888, 'Unripe': 0.607206142941524, 'images': 0.11610486891385768}","{'Overripe': 627, 'Ripe': 2116, 'Rotten': 1648, 'Unripe': 1621, 'images': 489}","[[185, 263, 115, 64, 0], [65, 1376, 365, 306, 4], [31, 512, 861, 240, 4], [15, 409, 163, 1028, 6], [3, 157, 171, 127, 31]]"
CatBoost,200,0.05,4,5,0.5360713736348254,0.5874689120774225,0.4324648553907977,0.4410342238829018,2.4684670999995433,0.0007203045691733264,6501,5,"['Overripe', 'Ripe', 'Rotten', 'Unripe', 'images']","{'Overripe': 0.6258503401360545, 'Ripe': 0.50675428988682, 'Rotten': 0.5147501505117399, 'Unripe': 0.5826727066817667, 'images': 0.7073170731707317}","{'Overripe': 0.2934609250398724, 'Ripe': 0.6559546313799622, 'Rotten': 0.5188106796116505, 'Unripe': 0.634793337446021, 'images': 0.05930470347648262}","{'Overripe': 0.3995656894679696, 'Ripe': 0.5717816683831102, 'Rotten': 0.5167724388032638, 'Unripe': 0.6076173604960142, 'images': 0.10943396226415095}","{'Overripe': 627, 'Ripe': 2116, 'Rotten': 1648, 'Unripe': 1621, 'images': 489}","[[184, 266, 113, 64, 0], [64, 1388, 360, 300, 4], [28, 512, 855, 251, 2], [15, 415, 156, 1029, 6], [3, 158, 177, 122, 29]]"
CatBoost,200,0.05,6,1,0.5892939547761883,0.643047847674123,0.5081141504714312,0.5315978725892407,4.249182200001087,0.0008981541330128028,6501,5,"['Overripe', 'Ripe', 'Rotten', 'Unripe', 'images']","{'Overripe': 0.6692111959287532, 'Ripe': 0.5615015974440895, 'Rotten': 0.5456570155902004, 'Unripe': 0.6439976345357776, 'images': 0.7948717948717948}","{'Overripe': 0.4194577352472089, 'Ripe': 0.6644612476370511, 'Rotten': 0.5946601941747572, 'Unripe': 0.6718075262183837, 'images': 0.1901840490797546}","{'Overripe': 0.515686274509804, 'Ripe': 0.6086580086580087, 'Rotten': 0.5691056910569106, 'Unripe': 0.657608695652174, 'images': 0.3069306930693069}","{'Overripe': 627, 'Ripe': 2116, 'Rotten': 1648, 'Unripe': 1621, 'images': 489}","[[263, 197, 120, 46, 1], [77, 1406, 374, 250, 9], [37, 429, 980, 197, 5], [13, 340, 170, 1089, 9], [3, 132, 152, 109, 93]]"
CatBoost,200,0.05,6,3,0.5826795877557299,0.6341510218708022,0.49811446956747263,0.519917744728475,4.003190200019162,0.0011007229665314633,6501,5,"['Overripe', 'Ripe', 'Rotten', 'Unripe', 'images']","{'Overripe': 0.6475195822454308, 'Ripe': 0.5585297642828606, 'Rotten': 0.540420819490587, 'Unripe': 0.6352941176470588, 'images': 0.7889908256880734}","{'Overripe': 0.39553429027113235, 'Ripe': 0.6606805293005671, 'Rotten': 0.5922330097087378, 'Unripe': 0.6662553979025293, 'images': 0.17586912065439672}","{'Overripe': 0.4910891089108911, 'Ripe': 0.6053258281013206, 'Rotten': 0.5651418645049219, 'Unripe': 0.6504065040650406, 'images': 0.28762541806020064}","{'Overripe': 627, 'Ripe': 2116, 'Rotten': 1648, 'Unripe': 1621, 'images': 489}","[[248, 197, 127, 52, 3], [80, 1398, 373, 259, 6], [38, 432, 976, 196, 6], [14, 338, 181, 1080, 8], [3, 138, 149, 113, 86]]"
CatBoost,200,0.05,6,5,0.5774496231349023,0.6314145585666612,0.49034700547943855,0.5111196899518269,4.093725099985022,0.0012190278436945041,6501,5,"['Overripe', 'Ripe', 'Rotten', 'Unripe', 'images']","{'Overripe': 0.6522911051212938, 'Ripe': 0.5547647291419533, 'Rotten': 0.5356744704570792, 'Unripe': 0.6264637002341921, 'images': 0.7878787878787878}","{'Overripe': 0.38596491228070173, 'Ripe': 0.6630434782608695, 'Rotten': 0.5831310679611651, 'Unripe': 0.6600863664404688, 'images': 0.15950920245398773}","{'Overripe': 0.4849699398797595, 'Ripe': 0.6040904198062432, 'Rotten': 0.5583962812318419, 'Unripe': 0.64283568639231, 'images': 0.2653061224489796}","{'Overripe': 627, 'Ripe': 2116, 'Rotten': 1648, 'Unripe': 1621, 'images': 489}","[[242, 202, 128, 54, 1], [73, 1403, 374, 260, 6], [38, 438, 961, 204, 7], [15, 348, 181, 1070, 7], [3, 138, 150, 120, 78]]"
CatBoost,200,0.05,8,1,0.6277495769881557,0.6700070516289929,0.5596076318517594,0.5871618928560381,19.53139309998369,0.0009384556185887343,6501,5,"['Overripe', 'Ripe', 'Rotten', 'Unripe', 'images']","{'Overripe': 0.6993166287015945, 'Ripe': 0.5949055053410025, 'Rotten': 0.5836533187054306, 'Unripe': 0.6900369003690037, 'images': 0.7821229050279329}","{'Overripe': 0.48963317384370014, 'Ripe': 0.6843100189035917, 'Rotten': 0.6456310679611651, 'Unripe': 0.6921653300431833, 'images': 0.28629856850715746}","{'Overripe': 0.575984990619137, 'Ripe': 0.6364835164835165, 'Rotten': 0.61307980409104, 'Unripe': 0.6910994764397905, 'images': 0.41916167664670656}","{'Overripe': 627, 'Ripe': 2116, 'Rotten': 1648, 'Unripe': 1621, 'images': 489}","[[307, 176, 104, 36, 4], [73, 1448, 367, 219, 9], [40, 374, 1064, 157, 13], [15, 311, 160, 1122, 13], [4, 125, 128, 92, 140]]"
CatBoost,200,0.05,8,3,0.6229810798338717,0.672019855608383,0.5507990968038395,0.5777486268599856,18.981064299994614,0.000996446699728346,6501,5,"['Overripe', 'Ripe', 'Rotten', 'Unripe', 'images']","{'Overripe': 0.6866359447004609, 'Ripe': 0.5922729140978216, 'Rotten': 0.5802401746724891, 'Unripe': 0.6804374240583232, 'images': 0.8205128205128205}","{'Overripe': 0.47527910685805425, 'Ripe': 0.6810018903591682, 'Rotten': 0.6450242718446602, 'Unripe': 0.6909315237507712, 'images': 0.261758691206544}","{'Overripe': 0.5617342130065975, 'Ripe': 0.6335458342492856, 'Rotten': 0.610919540229885, 'Unripe': 0.6856443220079583, 'images': 0.39689922480620154}","{'Overripe': 627, 'Ripe': 2116, 'Rotten': 1648, 'Unripe': 1621, 'images': 489}","[[298, 172, 115, 39, 3], [77, 1441, 357, 233, 8], [41, 375, 1063, 162, 7], [14, 310, 167, 1120, 10], [4, 135, 130, 92, 128]]"
CatBoost,200,0.05,8,5,0.6183664051684357,0.6702143834690487,0.5488640801296762,0.5765938702818165,20.347202800010564,0.0009588832529185781,6501,5,"['Overripe', 'Ripe', 'Rotten', 'Unripe', 'images']","{'Overripe': 0.6889400921658986, 'Ripe': 0.5845964768537485, 'Rotten': 0.5771554091158704, 'Unripe': 0.6753799392097265, 'images': 0.825}","{'Overripe': 0.4768740031897927, 'Ripe': 0.6743856332703214, 'Rotten': 0.6377427184466019, 'Unripe': 0.6853793954349168, 'images': 0.26993865030674846}","{'Overripe': 0.5636192271442035, 'Ripe': 0.6262892253675664, 'Rotten': 0.6059383107523783, 'Unripe': 0.6803429271279853, 'images': 0.4067796610169492}","{'Overripe': 627, 'Ripe': 2116, 'Rotten': 1648, 'Unripe': 1621, 'images': 489}","[[299, 179, 107, 39, 3], [78, 1427, 370, 231, 10], [40, 381, 1051, 171, 5], [14, 321, 165, 1111, 10], [3, 133, 128, 93, 132]]"
CatBoost,200,0.1,4,1,0.5649900015382249,0.6027388939725704,0.4737784287346152,0.4887711768388132,2.908824900019681,0.0009011229027923351,6501,5,"['Overripe', 'Ripe', 'Rotten', 'Unripe', 'images']","{'Overripe': 0.6216931216931217, 'Ripe': 0.536317235963879, 'Rotten': 0.5328874024526199, 'Unripe': 0.6227967097532315, 'images': 0.7}","{'Overripe': 0.3748006379585327, 'Ripe': 0.6455576559546313, 'Rotten': 0.5800970873786407, 'Unripe': 0.6539173349784084, 'images': 0.11451942740286299}","{'Overripe': 0.46766169154228854, 'Ripe': 0.585888912717135, 'Rotten': 0.5554909936083672, 'Unripe': 0.6379777309659946, 'images': 0.1968365553602812}","{'Overripe': 627, 'Ripe': 2116, 'Rotten': 1648, 'Unripe': 1621, 'images': 489}","[[235, 228, 113, 48, 3], [85, 1366, 384, 275, 6], [41, 441, 956, 203, 7], [14, 368, 171, 1060, 8], [3, 144, 170, 116, 56]]"
CatBoost,200,0.1,4,3,0.5665282264267035,0.5899279171403157,0.47529808864762496,0.4897976871687992,2.4299378999858163,0.0009334256251939552,6501,5,"['Overripe', 'Ripe', 'Rotten', 'Unripe', 'images']","{'Overripe': 0.6220472440944882, 'Ripe': 0.5397951142631994, 'Rotten': 0.5330717488789237, 'Unripe': 0.6255119953188999, 'images': 0.6292134831460674}","{'Overripe': 0.37799043062200954, 'Ripe': 0.6474480151228733, 'Rotten': 0.5770631067961165, 'Unripe': 0.6594694632942628, 'images': 0.11451942740286299}","{'Overripe': 0.47023809523809523, 'Ripe': 0.588740868070477, 'Rotten': 0.5541958041958042, 'Unripe': 0.6420420420420421, 'images': 0.19377162629757785}","{'Overripe': 627, 'Ripe': 2116, 'Rotten': 1648, 'Unripe': 1621, 'images': 489}","[[237, 216, 117, 56, 1], [81, 1370, 384, 269, 12], [44, 448, 951, 199, 6], [16, 361, 161, 1069, 14], [3, 143, 171, 116, 56]]"
CatBoost,200,0.1,4,5,0.5606829718504845,0.5905810521735078,0.47091258568448974,0.48696721311834457,2.265101199998753,0.0010174280858041805,6501,5,"['Overripe', 'Ripe', 'Rotten', 'Unripe', 'images']","{'Overripe': 0.6118598382749326, 'Ripe': 0.5289288506645817, 'Rotten': 0.5273972602739726, 'Unripe': 0.6251448435689455, 'images': 0.6595744680851063}","{'Overripe': 0.3620414673046252, 'Ripe': 0.639413988657845, 'Rotten': 0.5606796116504854, 'Unripe': 0.6656384947563233, 'images': 0.12678936605316973}","{'Overripe': 0.45490981963927857, 'Ripe': 0.5789473684210527, 'Rotten': 0.5435294117647059, 'Unripe': 0.6447564983567374, 'images': 0.21269296740994853}","{'Overripe': 627, 'Ripe': 2116, 'Rotten': 1648, 'Unripe': 1621, 'images': 489}","[[227, 236, 112, 50, 2], [86, 1353, 395, 274, 8], [40, 469, 924, 208, 7], [15, 354, 158, 1079, 15], [3, 146, 163, 115, 62]]"
CatBoost,200,0.1,6,1,0.623750192278111,0.6626678924119933,0.553875285408614,0.5812144806637877,3.6552360000205226,0.0010852484227199817,6501,5,"['Overripe', 'Ripe', 'Rotten', 'Unripe', 'images']","{'Overripe': 0.6928571428571428, 'Ripe': 0.5965130759651308, 'Rotten': 0.5827850877192983, 'Unripe': 0.6748798076923077, 'images': 0.7663043478260869}","{'Overripe': 0.46411483253588515, 'Ripe': 0.6791115311909263, 'Rotten': 0.6450242718446602, 'Unripe': 0.6927822331893893, 'images': 0.2883435582822086}","{'Overripe': 0.5558739255014327, 'Ripe': 0.6351381215469614, 'Rotten': 0.6123271889400922, 'Unripe': 0.6837138508371385, 'images': 0.41901931649331353}","{'Overripe': 627, 'Ripe': 2116, 'Rotten': 1648, 'Unripe': 1621, 'images': 489}","[[291, 176, 115, 42, 3], [67, 1437, 368, 232, 12], [42, 366, 1063, 169, 8], [17, 305, 156, 1123, 20], [3, 125, 122, 98, 141]]"
CatBoost,200,0.1,6,3,0.6206737425011537,0.6597498306885332,0.5517554875879431,0.5780069120567755,4.003245600004448,0.0008139209369123853,6501,5,"['Overripe', 'Ripe', 'Rotten', 'Unripe', 'images']","{'Overripe': 0.6873563218390805, 'Ripe': 0.5948889819857561, 'Rotten': 0.5786026200873362, 'Unripe': 0.6708557749850389, 'images': 0.7670454545454546}","{'Overripe': 0.4768740031897927, 'Ripe': 0.6710775047258979, 'Rotten': 0.6432038834951457, 'Unripe': 0.6915484268969772, 'images': 0.27607361963190186}","{'Overripe': 0.5630885122410546, 'Ripe': 0.6306906506773262, 'Rotten': 0.6091954022988506, 'Unripe': 0.681044957472661, 'images': 0.40601503759398494}","{'Overripe': 627, 'Ripe': 2116, 'Rotten': 1648, 'Unripe': 1621, 'images': 489}","[[299, 165, 117, 42, 4], [77, 1420, 372, 235, 12], [41, 364, 1060, 174, 9], [15, 315, 154, 1121, 16], [3, 123, 129, 99, 135]]"
CatBoost,200,0.1,6,5,0.6183664051684357,0.6528031875835875,0.5462668203309493,0.5714927583333591,3.848004300001776,0.0011235656054643778,6501,5,"['Overripe', 'Ripe', 'Rotten', 'Unripe', 'images']","{'Overripe': 0.6870588235294117, 'Ripe': 0.5948889819857561, 'Rotten': 0.5764383561643835, 'Unripe': 0.66725768321513, 'images': 0.7383720930232558}","{'Overripe': 0.46570972886762363, 'Ripe': 0.6710775047258979, 'Rotten': 0.6383495145631068, 'Unripe': 0.6964836520666255, 'images': 0.25971370143149286}","{'Overripe': 0.5551330798479087, 'Ripe': 0.6306906506773262, 'Rotten': 0.6058162971494385, 'Unripe': 0.6815575007546031, 'images': 0.3842662632375189}","{'Overripe': 627, 'Ripe': 2116, 'Rotten': 1648, 'Unripe': 1621, 'images': 489}","[[292, 172, 113, 46, 4], [73, 1420, 373, 239, 11], [40, 370, 1052, 175, 11], [17, 297, 159, 1129, 19], [3, 128, 128, 103, 127]]"
CatBoost,200,0.1,8,1,0.6608214120904476,0.6837684977593911,0.6048264882839011,0.6291798736246422,20.236747100017965,0.0014504383941228423,6501,5,"['Overripe', 'Ripe', 'Rotten', 'Unripe', 'images']","{'Overripe': 0.7325102880658436, 'Ripe': 0.6423870118473014, 'Rotten': 0.6166394779771615, 'Unripe': 0.7053140096618358, 'images': 0.7219917012448133}","{'Overripe': 0.5677830940988836, 'Ripe': 0.6918714555765595, 'Rotten': 0.6881067961165048, 'Unripe': 0.7205428747686613, 'images': 0.3558282208588957}","{'Overripe': 0.6397124887690926, 'Ripe': 0.6662116040955631, 'Rotten': 0.6504158302265558, 'Unripe': 0.7128471162648764, 'images': 0.4767123287671233}","{'Overripe': 627, 'Ripe': 2116, 'Rotten': 1648, 'Unripe': 1621, 'images': 489}","[[356, 137, 97, 32, 5], [71, 1464, 341, 217, 23], [44, 310, 1134, 145, 15], [11, 261, 157, 1168, 24], [4, 107, 110, 94, 174]]"
CatBoost,200,0.1,8,3,0.6502076603599446,0.6754032216479673,0.5880895403842968,0.6132328684576469,20.527204199985135,0.0008967697290252964,6501,5,"['Overripe', 'Ripe', 'Rotten', 'Unripe', 'images']","{'Overripe': 0.7186147186147186, 'Ripe': 0.6294526498696785, 'Rotten': 0.6052060737527115, 'Unripe': 0.6997607655502392, 'images': 0.7239819004524887}","{'Overripe': 0.529505582137161, 'Ripe': 0.6847826086956522, 'Rotten': 0.6771844660194175, 'Unripe': 0.7217766810610734, 'images': 0.32719836400818}","{'Overripe': 0.6097337006427915, 'Ripe': 0.6559529198732458, 'Rotten': 0.6391752577319587, 'Unripe': 0.7105982386881263, 'images': 0.4507042253521127}","{'Overripe': 627, 'Ripe': 2116, 'Rotten': 1648, 'Unripe': 1621, 'images': 489}","[[332, 157, 97, 37, 4], [68, 1449, 363, 216, 20], [44, 319, 1116, 157, 12], [14, 263, 149, 1170, 25], [4, 114, 119, 92, 160]]"
CatBoost,200,0.1,8,5,0.6445162282725735,0.6737721988165737,0.5806424284084102,0.6061689185663607,20.22701750000124,0.0011314259318213975,6501,5,"['Overripe', 'Ripe', 'Rotten', 'Unripe', 'images']","{'Overripe': 0.7208791208791209, 'Ripe': 0.6265740338688667, 'Rotten': 0.5967741935483871, 'Unripe': 0.6903341288782816, 'images': 0.7342995169082126}","{'Overripe': 0.5231259968102073, 'Ripe': 0.6819470699432892, 'Rotten': 0.6735436893203883, 'Unripe': 0.7137569401603948, 'images': 0.310838445807771}","{'Overripe': 0.6062846580406654, 'Ripe': 0.6530889341479973, 'Rotten': 0.6328392246294184, 'Unripe': 0.7018501668183197, 'images': 0.4367816091954023}","{'Overripe': 627, 'Ripe': 2116, 'Rotten': 1648, 'Unripe': 1621, 'images': 489}","[[328, 152, 108, 35, 4], [61, 1443, 366, 227, 19], [47, 318, 1110, 163, 10], [15, 268, 159, 1157, 22], [4, 122, 117, 94, 152]]"
CatBoost,300,0.03,4,1,0.5299184740809106,0.5930549473744868,0.42701987767961536,0.4359143690978048,4.33273230001214,0.0012563297947588779,6501,5,"['Overripe', 'Ripe', 'Rotten', 'Unripe', 'images']","{'Overripe': 0.5958904109589042, 'Ripe': 0.4996347699050402, 'Rotten': 0.5062611806797853, 'Unripe': 0.583000570450656, 'images': 0.7804878048780488}","{'Overripe': 0.27751196172248804, 'Ripe': 0.6465028355387523, 'Rotten': 0.5151699029126213, 'Unripe': 0.6304750154225787, 'images': 0.065439672801636}","{'Overripe': 0.3786724700761698, 'Ripe': 0.5636588380716935, 'Rotten': 0.5106766917293233, 'Unripe': 0.6058091286307054, 'images': 0.12075471698113208}","{'Overripe': 627, 'Ripe': 2116, 'Rotten': 1648, 'Unripe': 1621, 'images': 489}","[[174, 274, 118, 60, 1], [70, 1368, 366, 309, 3], [33, 523, 849, 241, 2], [12, 418, 166, 1022, 3], [3, 155, 178, 121, 32]]"
CatBoost,300,0.03,4,3,0.5280726042147362,0.5950021954233854,0.4239222990683304,0.43139196482341857,4.474125699984143,0.0009231195205481918,6501,5,"['Overripe', 'Ripe', 'Rotten', 'Unripe', 'images']","{'Overripe': 0.584192439862543, 'Ripe': 0.49673202614379086, 'Rotten': 0.510353227771011, 'Unripe': 0.578177727784027, 'images': 0.8055555555555556}","{'Overripe': 0.2711323763955343, 'Ripe': 0.6465028355387523, 'Rotten': 0.508495145631068, 'Unripe': 0.634176434299815, 'images': 0.05930470347648262}","{'Overripe': 0.37037037037037035, 'Ripe': 0.5618069815195071, 'Rotten': 0.5094224924012158, 'Unripe': 0.6048837893498088, 'images': 0.11047619047619048}","{'Overripe': 627, 'Ripe': 2116, 'Rotten': 1648, 'Unripe': 1621, 'images': 489}","[[170, 286, 114, 57, 0], [70, 1368, 357, 318, 3], [35, 526, 838, 247, 2], [13, 416, 162, 1028, 2], [3, 158, 171, 128, 29]]"
CatBoost,300,0.03,4,5,0.5300722965697585,0.5934705753184492,0.4275560789127068,0.43672532102968675,3.883950300019933,0.001251022918775868,6501,5,"['Overripe', 'Ripe', 'Rotten', 'Unripe', 'images']","{'Overripe': 0.5912162162162162, 'Ripe': 0.49854545454545457, 'Rotten': 0.5060240963855421, 'Unripe': 0.5858528237307473, 'images': 0.7857142857142857}","{'Overripe': 0.27910685805422647, 'Ripe': 0.6479206049149339, 'Rotten': 0.5097087378640777, 'Unripe': 0.6335595311536089, 'images': 0.06748466257668712}","{'Overripe': 0.37919826652221017, 'Ripe': 0.5635018495684341, 'Rotten': 0.5078597339782346, 'Unripe': 0.6087729697688203, 'images': 0.12429378531073447}","{'Overripe': 627, 'Ripe': 2116, 'Rotten': 1648, 'Unripe': 1621, 'images': 489}","[[175, 276, 119, 56, 1], [72, 1371, 362, 308, 3], [32, 532, 840, 241, 3], [14, 416, 162, 1027, 2], [3, 155, 177, 121, 33]]"
CatBoost,300,0.03,6,1,0.5803722504230119,0.6415359630835973,0.4956297730424589,0.5172496811677886,5.648219099995913,0.0010114136299382282,6501,5,"['Overripe', 'Ripe', 'Rotten', 'Unripe', 'images']","{'Overripe': 0.6552631578947369, 'Ripe': 0.552988047808765, 'Rotten': 0.5403587443946188, 'Unripe': 0.6307870370370371, 'images': 0.8282828282828283}","{'Overripe': 0.39712918660287083, 'Ripe': 0.6559546313799622, 'Rotten': 0.5849514563106796, 'Unripe': 0.6724244293645898, 'images': 0.16768916155419222}","{'Overripe': 0.4945382323733863, 'Ripe': 0.6000864677907479, 'Rotten': 0.5617715617715617, 'Unripe': 0.6509405792773962, 'images': 0.2789115646258503}","{'Overripe': 627, 'Ripe': 2116, 'Rotten': 1648, 'Unripe': 1621, 'images': 489}","[[249, 210, 118, 49, 1], [79, 1388, 381, 262, 6], [35, 433, 964, 211, 5], [14, 346, 166, 1090, 5], [3, 133, 155, 116, 82]]"
CatBoost,300,0.03,6,3,0.5836025226888171,0.63968253726639,0.4956147167530246,0.515832507365062,5.632623200013768,0.0013027841864485243,6501,5,"['Overripe', 'Ripe', 'Rotten', 'Unripe', 'images']","{'Overripe': 0.6526315789473685, 'Ripe': 0.556562869530942, 'Rotten': 0.5454545454545454, 'Unripe': 0.6352530541012217, 'images': 0.8085106382978723}","{'Overripe': 0.39553429027113235, 'Ripe': 0.667296786389414, 'Rotten': 0.5861650485436893, 'Unripe': 0.6736582356570019, 'images': 0.1554192229038855}","{'Overripe': 0.4925521350546177, 'Ripe': 0.6069202664947346, 'Rotten': 0.5650775080432875, 'Unripe': 0.6538922155688622, 'images': 0.2607204116638079}","{'Overripe': 627, 'Ripe': 2116, 'Rotten': 1648, 'Unripe': 1621, 'images': 489}","[[248, 210, 117, 52, 0], [75, 1412, 367, 255, 7], [38, 434, 966, 206, 4], [15, 340, 167, 1092, 7], [4, 141, 154, 114, 76]]"
CatBoost,300,0.03,6,5,0.5737578834025534,0.630153627246035,0.4836373098135602,0.5009057897050845,5.717075799999293,0.001439747734803582,6501,5,"['Overripe', 'Ripe', 'Rotten', 'Unripe', 'images']","{'Overripe': 0.6436170212765957, 'Ripe': 0.5465666929755327, 'Rotten': 0.5347923681257014, 'Unripe': 0.6283236994219653, 'images': 0.7974683544303798}","{'Overripe': 0.38596491228070173, 'Ripe': 0.6545368620037807, 'Rotten': 0.5782766990291263, 'Unripe': 0.6705737199259716, 'images': 0.12883435582822086}","{'Overripe': 0.48255234297108673, 'Ripe': 0.5956989247311828, 'Rotten': 0.5556851311953352, 'Unripe': 0.6487615637123246, 'images': 0.22183098591549297}","{'Overripe': 627, 'Ripe': 2116, 'Rotten': 1648, 'Unripe': 1621, 'images': 489}","[[242, 217, 114, 54, 0], [75, 1385, 381, 268, 7], [40, 444, 953, 206, 5], [15, 346, 169, 1087, 4], [4, 142, 165, 115, 63]]"
CatBoost,300,0.03,8,1,0.6211352099676973,0.6633747657679829,0.5511572300808758,0.5771439624515442,32.03819880000083,0.0014931241330002898,6501,5,"['Overripe', 'Ripe', 'Rotten', 'Unripe', 'images']","{'Overripe': 0.6741071428571429, 'Ripe': 0.5922410235245563, 'Rotten': 0.5810736026563365, 'Unripe': 0.6755126658624849, 'images': 0.793939393939394}","{'Overripe': 0.48165869218500795, 'Ripe': 0.6781663516068053, 'Rotten': 0.6371359223300971, 'Unripe': 0.6909315237507712, 'images': 0.26789366053169733}","{'Overripe': 0.5618604651162791, 'Ripe': 0.6322978629654109, 'Rotten': 0.6078147612156295, 'Unripe': 0.6831351021652943, 'images': 0.40061162079510704}","{'Overripe': 627, 'Ripe': 2116, 'Rotten': 1648, 'Unripe': 1621, 'images': 489}","[[302, 171, 113, 38, 3], [80, 1435, 362, 231, 8], [43, 374, 1050, 171, 10], [19, 312, 157, 1120, 13], [4, 131, 125, 98, 131]]"
CatBoost,300,0.03,8,3,0.6172896477465005,0.6669660104474813,0.5439644468807903,0.5701831997369504,31.37702720001107,0.0010018920170054714,6501,5,"['Overripe', 'Ripe', 'Rotten', 'Unripe', 'images']","{'Overripe': 0.6804597701149425, 'Ripe': 0.5869387755102041, 'Rotten': 0.5734649122807017, 'Unripe': 0.6763990267639902, 'images': 0.8175675675675675}","{'Overripe': 0.47208931419457734, 'Ripe': 0.6795841209829868, 'Rotten': 0.6347087378640777, 'Unripe': 0.6859962985811228, 'images': 0.2474437627811861}","{'Overripe': 0.5574387947269304, 'Ripe': 0.6298729741568112, 'Rotten': 0.6025345622119815, 'Unripe': 0.6811638591117918, 'images': 0.37990580847723704}","{'Overripe': 627, 'Ripe': 2116, 'Rotten': 1648, 'Unripe': 1621, 'images': 489}","[[296, 174, 115, 40, 2], [79, 1438, 367, 226, 6], [42, 380, 1046, 173, 7], [14, 316, 167, 1112, 12], [4, 142, 129, 93, 121]]"
CatBoost,300,0.03,8,5,0.6134440855253038,0.6629604088599571,0.537262511935659,0.5631568895055521,29.503885299985996,0.0018235502213467738,6501,5,"['Overripe', 'Ripe', 'Rotten', 'Unripe', 'images']","{'Overripe': 0.6690307328605201, 'Ripe': 0.5825557809330629, 'Rotten': 0.5729223995597138, 'Unripe': 0.6721113127646703, 'images': 0.8181818181818182}","{'Overripe': 0.4513556618819777, 'Ripe': 0.6786389413988658, 'Rotten': 0.6316747572815534, 'Unripe': 0.6853793954349168, 'images': 0.2392638036809816}","{'Overripe': 0.539047619047619, 'Ripe': 0.6269373499235975, 'Rotten': 0.6008658008658009, 'Unripe': 0.6786805131337813, 'images': 0.370253164556962}","{'Overripe': 627, 'Ripe': 2116, 'Rotten': 1648, 'Unripe': 1621, 'images': 489}","[[283, 187, 119, 36, 2], [82, 1436, 359, 231, 8], [41, 383, 1041, 176, 7], [13, 322, 166, 1111, 9], [4, 137, 132, 99, 117]]"
CatBoost,300,0.05,4,1,0.5545300722965698,0.6042613703532724,0.46020178313171833,0.4743458497154796,3.4852336999902036,0.0010428087972219155,6501,5,"['Overripe', 'Ripe', 'Rotten', 'Unripe', 'images']","{'Overripe': 0.6384839650145773, 'Ripe': 0.5244890088700347, 'Rotten': 0.5278409090909091, 'Unripe': 0.6032202415181138, 'images': 0.7272727272727273}","{'Overripe': 0.3492822966507177, 'Ripe': 0.6427221172022685, 'Rotten': 0.5637135922330098, 'Unripe': 0.6471314003701419, 'images': 0.09815950920245399}","{'Overripe': 0.4515463917525773, 'Ripe': 0.5776173285198556, 'Rotten': 0.54518779342723, 'Unripe': 0.6244047619047619, 'images': 0.17297297297297298}","{'Overripe': 627, 'Ripe': 2116, 'Rotten': 1648, 'Unripe': 1621, 'images': 489}","[[219, 232, 118, 57, 1], [75, 1360, 383, 293, 5], [32, 462, 929, 221, 4], [14, 386, 164, 1049, 8], [3, 153, 166, 119, 48]]"
CatBoost,300,0.05,4,3,0.5563759421627442,0.6040615647957369,0.45954999605319163,0.471692282284866,4.12403710000217,0.0011687740344606332,6501,5,"['Overripe', 'Ripe', 'Rotten', 'Unripe', 'images']","{'Overripe': 0.6297376093294461, 'Ripe': 0.5288871655680496, 'Rotten': 0.5290102389078498, 'Unripe': 0.6038592508513053, 'images': 0.7288135593220338}","{'Overripe': 0.3444976076555024, 'Ripe': 0.6446124763705104, 'Rotten': 0.5643203883495146, 'Unripe': 0.6563849475632326, 'images': 0.08793456032719836}","{'Overripe': 0.44536082474226807, 'Ripe': 0.5810436634717785, 'Rotten': 0.546095126247798, 'Unripe': 0.6290274903931422, 'images': 0.15693430656934307}","{'Overripe': 627, 'Ripe': 2116, 'Rotten': 1648, 'Unripe': 1621, 'images': 489}","[[216, 233, 120, 58, 0], [74, 1364, 374, 299, 5], [35, 459, 930, 220, 4], [15, 373, 162, 1064, 7], [3, 150, 172, 121, 43]]"
CatBoost,300,0.05,4,5,0.5516074450084603,0.5973867613673385,0.4541719750458027,0.46553611080672275,4.312282400002005,0.0011909090890337816,6501,5,"['Overripe', 'Ripe', 'Rotten', 'Unripe', 'images']","{'Overripe': 0.6235294117647059, 'Ripe': 0.5238461538461539, 'Rotten': 0.522532800912721, 'Unripe': 0.6027397260273972, 'images': 0.7142857142857143}","{'Overripe': 0.33811802232854865, 'Ripe': 0.6436672967863895, 'Rotten': 0.5558252427184466, 'Unripe': 0.6514497223935842, 'images': 0.081799591002045}","{'Overripe': 0.4384694932781799, 'Ripe': 0.5776081424936387, 'Rotten': 0.5386650985004411, 'Unripe': 0.6261488289356656, 'images': 0.14678899082568808}","{'Overripe': 627, 'Ripe': 2116, 'Rotten': 1648, 'Unripe': 1621, 'images': 489}","[[212, 240, 120, 55, 0], [75, 1362, 378, 296, 5], [36, 467, 916, 225, 4], [14, 380, 164, 1056, 7], [3, 151, 175, 120, 40]]"
CatBoost,300,0.05,6,1,0.6177511152130442,0.6658335528708855,0.5434976632597761,0.5702111286521983,6.834982200001832,0.0010417012758226398,6501,5,"['Overripe', 'Ripe', 'Rotten', 'Unripe', 'images']","{'Overripe': 0.6897374701670644, 'Ripe': 0.5902378999179655, 'Rotten': 0.5733769776322968, 'Unripe': 0.6718938480096501, 'images': 0.803921568627451}","{'Overripe': 0.4609250398724083, 'Ripe': 0.6800567107750473, 'Rotten': 0.6377427184466019, 'Unripe': 0.6872301048735349, 'images': 0.25153374233128833}","{'Overripe': 0.5525812619502868, 'Ripe': 0.631971892841458, 'Rotten': 0.603849468543522, 'Unripe': 0.6794754498322659, 'images': 0.38317757009345793}","{'Overripe': 627, 'Ripe': 2116, 'Rotten': 1648, 'Unripe': 1621, 'images': 489}","[[289, 179, 115, 42, 2], [75, 1439, 364, 228, 10], [39, 380, 1051, 174, 4], [13, 314, 166, 1114, 14], [3, 126, 137, 100, 123]]"
CatBoost,300,0.05,6,3,0.6112905706814337,0.6553005791773641,0.536979019708996,0.562759437521741,7.253740500018466,0.0009684663908385627,6501,5,"['Overripe', 'Ripe', 'Rotten', 'Unripe', 'images']","{'Overripe': 0.6826923076923077, 'Ripe': 0.5872884853487412, 'Rotten': 0.5685195376995047, 'Unripe': 0.6587817859254879, 'images': 0.7792207792207793}","{'Overripe': 0.4529505582137161, 'Ripe': 0.6724952741020794, 'Rotten': 0.6268203883495146, 'Unripe': 0.6872301048735349, 'images': 0.24539877300613497}","{'Overripe': 0.5445829338446788, 'Ripe': 0.6270103547036793, 'Rotten': 0.5962481962481962, 'Unripe': 0.6727053140096618, 'images': 0.37325038880248834}","{'Overripe': 627, 'Ripe': 2116, 'Rotten': 1648, 'Unripe': 1621, 'images': 489}","[[284, 178, 112, 49, 4], [72, 1423, 368, 241, 12], [42, 382, 1033, 186, 5], [15, 311, 168, 1114, 13], [3, 129, 136, 101, 120]]"
CatBoost,300,0.05,6,5,0.6028303337948008,0.6471529379366393,0.5276586760329391,0.5531373755894714,7.0574866000097245,0.00119410859878033,6501,5,"['Overripe', 'Ripe', 'Rotten', 'Unripe', 'images']","{'Overripe': 0.6714975845410628, 'Ripe': 0.5768762677484787, 'Rotten': 0.560530679933665, 'Unripe': 0.6550480769230769, 'images': 0.7718120805369127}","{'Overripe': 0.4433811802232855, 'Ripe': 0.6720226843100189, 'Rotten': 0.6152912621359223, 'Unripe': 0.6724244293645898, 'images': 0.23517382413087934}","{'Overripe': 0.5341018251681076, 'Ripe': 0.6208251473477406, 'Rotten': 0.5866358113971651, 'Unripe': 0.6636225266362252, 'images': 0.3605015673981191}","{'Overripe': 627, 'Ripe': 2116, 'Rotten': 1648, 'Unripe': 1621, 'images': 489}","[[278, 179, 123, 45, 2], [72, 1422, 374, 236, 12], [45, 392, 1014, 190, 7], [16, 337, 165, 1090, 13], [3, 135, 133, 103, 115]]"
CatBoost,300,0.05,8,1,0.6474388555606829,0.6758456510830265,0.5830640352300898,0.6087461058288378,30.925366199982818,0.001235117673192851,6501,5,"['Overripe', 'Ripe', 'Rotten', 'Unripe', 'images']","{'Overripe': 0.714902807775378, 'Ripe': 0.6177589852008457, 'Rotten': 0.6058114035087719, 'Unripe': 0.7064555420219245, 'images': 0.7342995169082126}","{'Overripe': 0.5279106858054227, 'Ripe': 0.6904536862003781, 'Rotten': 0.6705097087378641, 'Unripe': 0.7156076495990129, 'images': 0.310838445807771}","{'Overripe': 0.6073394495412844, 'Ripe': 0.6520865878152198, 'Rotten': 0.636520737327189, 'Unripe': 0.7110021452650934, 'images': 0.4367816091954023}","{'Overripe': 627, 'Ripe': 2116, 'Rotten': 1648, 'Unripe': 1621, 'images': 489}","[[331, 166, 96, 28, 6], [69, 1461, 351, 222, 13], [44, 338, 1105, 148, 13], [15, 275, 148, 1160, 23], [4, 125, 124, 84, 152]]"
CatBoost,300,0.05,8,3,0.6408244885402246,0.676330949072082,0.5758798262161486,0.6021399204258955,30.103865700017195,0.001230964470183979,6501,5,"['Overripe', 'Ripe', 'Rotten', 'Unripe', 'images']","{'Overripe': 0.7108695652173913, 'Ripe': 0.6133671742808798, 'Rotten': 0.5980392156862745, 'Unripe': 0.6937537901758641, 'images': 0.765625}","{'Overripe': 0.5215311004784688, 'Ripe': 0.6852551984877127, 'Rotten': 0.6662621359223301, 'Unripe': 0.7057371992597162, 'images': 0.3006134969325153}","{'Overripe': 0.6016559337626495, 'Ripe': 0.6473214285714286, 'Rotten': 0.6303099885189437, 'Unripe': 0.6996941896024464, 'images': 0.43171806167400884}","{'Overripe': 627, 'Ripe': 2116, 'Rotten': 1648, 'Unripe': 1621, 'images': 489}","[[327, 160, 106, 30, 4], [70, 1450, 351, 233, 12], [44, 338, 1098, 157, 11], [15, 288, 156, 1144, 18], [4, 128, 125, 85, 147]]"
CatBoost,300,0.05,8,5,0.637901861252115,0.6771594600816719,0.5709223973611809,0.5979333214843857,30.14460520001012,0.0015379480073230483,6501,5,"['Overripe', 'Ripe', 'Rotten', 'Unripe', 'images']","{'Overripe': 0.7114093959731543, 'Ripe': 0.6100126209507782, 'Rotten': 0.5927528393726339, 'Unripe': 0.6932440657334145, 'images': 0.7783783783783784}","{'Overripe': 0.507177033492823, 'Ripe': 0.6852551984877127, 'Rotten': 0.6650485436893204, 'Unripe': 0.702652683528686, 'images': 0.294478527607362}","{'Overripe': 0.5921787709497207, 'Ripe': 0.6454484754061874, 'Rotten': 0.6268229911352587, 'Unripe': 0.6979166666666666, 'images': 0.42729970326409494}","{'Overripe': 627, 'Ripe': 2116, 'Rotten': 1648, 'Unripe': 1621, 'images': 489}","[[318, 164, 106, 36, 3], [69, 1450, 358, 226, 13], [43, 347, 1096, 153, 9], [14, 292, 160, 1139, 16], [3, 124, 129, 89, 144]]"
CatBoost,300,0.1,4,1,0.5889863097984925,0.6330302753020368,0.5114426416896634,0.5335209408289212,3.8901534999895375,0.0011068450989595053,6501,5,"['Overripe', 'Ripe', 'Rotten', 'Unripe', 'images']","{'Overripe': 0.6498800959232613, 'Ripe': 0.561547962124331, 'Rotten': 0.5534832693362589, 'Unripe': 0.638335287221571, 'images': 0.7619047619047619}","{'Overripe': 0.43221690590111644, 'Ripe': 0.6446124763705104, 'Rotten': 0.6122572815533981, 'Unripe': 0.6718075262183837, 'images': 0.19631901840490798}","{'Overripe': 0.5191570881226054, 'Ripe': 0.6002200220022003, 'Rotten': 0.5813886488043791, 'Unripe': 0.654643823264202, 'images': 0.3121951219512195}","{'Overripe': 627, 'Ripe': 2116, 'Rotten': 1648, 'Unripe': 1621, 'images': 489}","[[271, 191, 118, 44, 3], [88, 1364, 384, 273, 7], [41, 397, 1009, 194, 7], [13, 342, 164, 1089, 13], [4, 135, 148, 106, 96]]"
CatBoost,300,0.1,4,3,0.5897554222427319,0.6317151235168919,0.5139995898103467,0.537308942357168,3.8897182999935467,0.0010903860971536743,6501,5,"['Overripe', 'Ripe', 'Rotten', 'Unripe', 'images']","{'Overripe': 0.6483253588516746, 'Ripe': 0.559074299634592, 'Rotten': 0.5590551181102362, 'Unripe': 0.6384976525821596, 'images': 0.7536231884057971}","{'Overripe': 0.43221690590111644, 'Ripe': 0.6507561436672968, 'Rotten': 0.6031553398058253, 'Unripe': 0.6711906230721777, 'images': 0.21267893660531698}","{'Overripe': 0.5186602870813397, 'Ripe': 0.601441362742957, 'Rotten': 0.5802685347343841, 'Unripe': 0.6544360902255639, 'images': 0.3317384370015949}","{'Overripe': 627, 'Ripe': 2116, 'Rotten': 1648, 'Unripe': 1621, 'images': 489}","[[271, 200, 102, 51, 3], [86, 1377, 378, 268, 7], [42, 416, 994, 190, 6], [16, 340, 159, 1088, 18], [3, 130, 145, 107, 104]]"
CatBoost,300,0.1,4,5,0.5857560375326872,0.6213780408140124,0.510380146265675,0.532633391560856,3.8110392999951728,0.0011016612863814215,6501,5,"['Overripe', 'Ripe', 'Rotten', 'Unripe', 'images']","{'Overripe': 0.6438679245283019, 'Ripe': 0.5548334687246141, 'Rotten': 0.5482431678750698, 'Unripe': 0.6456599286563615, 'images': 0.7142857142857143}","{'Overripe': 0.4354066985645933, 'Ripe': 0.6455576559546313, 'Rotten': 0.5964805825242718, 'Unripe': 0.6699568167797656, 'images': 0.20449897750511248}","{'Overripe': 0.5195052331113226, 'Ripe': 0.5967671472258628, 'Rotten': 0.5713455390874745, 'Unripe': 0.6575840145322435, 'images': 0.3179650238473768}","{'Overripe': 627, 'Ripe': 2116, 'Rotten': 1648, 'Unripe': 1621, 'images': 489}","[[273, 197, 113, 40, 4], [91, 1366, 389, 258, 12], [43, 426, 983, 190, 6], [13, 335, 169, 1086, 18], [4, 138, 139, 108, 100]]"
CatBoost,300,0.1,6,1,0.6435932933394862,0.6722863156454044,0.5793686532625799,0.6050471734373446,5.702170500007924,0.0011964774652390095,6501,5,"['Overripe', 'Ripe', 'Rotten', 'Unripe', 'images']","{'Overripe': 0.706140350877193, 'Ripe': 0.6235496347228191, 'Rotten': 0.6001088139281828, 'Unripe': 0.6900059844404548, 'images': 0.7416267942583732}","{'Overripe': 0.5135566188197768, 'Ripe': 0.6857277882797732, 'Rotten': 0.6692961165048543, 'Unripe': 0.7112893275755706, 'images': 0.3169734151329243}","{'Overripe': 0.5946445060018467, 'Ripe': 0.6531622777402656, 'Rotten': 0.6328169822145726, 'Unripe': 0.7004860267314702, 'images': 0.44412607449856734}","{'Overripe': 627, 'Ripe': 2116, 'Rotten': 1648, 'Unripe': 1621, 'images': 489}","[[322, 155, 113, 34, 3], [70, 1451, 354, 226, 15], [44, 325, 1103, 165, 11], [17, 274, 152, 1153, 25], [3, 122, 116, 93, 155]]"
CatBoost,300,0.1,6,3,0.6395939086294417,0.6664975061533575,0.5790654048936821,0.6034274077089681,5.515082800004166,0.0009715736019122103,6501,5,"['Overripe', 'Ripe', 'Rotten', 'Unripe', 'images']","{'Overripe': 0.698744769874477, 'Ripe': 0.6147859922178989, 'Rotten': 0.6004366812227074, 'Unripe': 0.6886622675464907, 'images': 0.7298578199052133}","{'Overripe': 0.532695374800638, 'Ripe': 0.6720226843100189, 'Rotten': 0.6674757281553398, 'Unripe': 0.7082048118445404, 'images': 0.3149284253578732}","{'Overripe': 0.604524886877828, 'Ripe': 0.6421314066380673, 'Rotten': 0.632183908045977, 'Unripe': 0.6982968369829684, 'images': 0.44}","{'Overripe': 627, 'Ripe': 2116, 'Rotten': 1648, 'Unripe': 1621, 'images': 489}","[[334, 154, 103, 31, 5], [80, 1422, 359, 238, 17], [44, 336, 1100, 158, 10], [16, 282, 150, 1148, 25], [4, 119, 120, 92, 154]]"
CatBoost,300,0.1,6,5,0.6386709736963544,0.661417083098206,0.5717112068081744,0.595823224092323,5.57840950001264,0.0013227657276871727,6501,5,"['Overripe', 'Ripe', 'Rotten', 'Unripe', 'images']","{'Overripe': 0.6975717439293598, 'Ripe': 0.6169111302847282, 'Rotten': 0.6001088139281828, 'Unripe': 0.6866113744075829, 'images': 0.7058823529411765}","{'Overripe': 0.5039872408293461, 'Ripe': 0.6758034026465028, 'Rotten': 0.6692961165048543, 'Unripe': 0.7149907464528069, 'images': 0.294478527607362}","{'Overripe': 0.5851851851851851, 'Ripe': 0.6450157870996842, 'Rotten': 0.6328169822145726, 'Unripe': 0.7005137503777576, 'images': 0.4155844155844156}","{'Overripe': 627, 'Ripe': 2116, 'Rotten': 1648, 'Unripe': 1621, 'images': 489}","[[316, 160, 107, 40, 4], [77, 1430, 361, 229, 19], [41, 331, 1103, 160, 13], [16, 276, 146, 1159, 24], [3, 121, 121, 100, 144]]"
CatBoost,300,0.1,8,1,0.6803568681741271,0.7012654464112307,0.6278746373977816,0.6519166356543573,30.827616700000362,0.0017195354547658744,6501,5,"['Overripe', 'Ripe', 'Rotten', 'Unripe', 'images']","{'Overripe': 0.7424547283702213, 'Ripe': 0.6620781527531083, 'Rotten': 0.635483870967742, 'Unripe': 0.7286678944137508, 'images': 0.7376425855513308}","{'Overripe': 0.5885167464114832, 'Ripe': 0.7046313799621928, 'Rotten': 0.7172330097087378, 'Unripe': 0.7322640345465762, 'images': 0.3967280163599182}","{'Overripe': 0.6565836298932385, 'Ripe': 0.6826923076923077, 'Rotten': 0.6738882554161916, 'Unripe': 0.7304615384615385, 'images': 0.5159574468085106}","{'Overripe': 627, 'Ripe': 2116, 'Rotten': 1648, 'Unripe': 1621, 'images': 489}","[[369, 133, 92, 27, 6], [69, 1491, 327, 203, 26], [41, 288, 1182, 125, 12], [14, 243, 152, 1187, 25], [4, 97, 107, 87, 194]]"
CatBoost,300,0.1,8,3,0.6735886786648208,0.6914945918007243,0.617466011982782,0.6406512615415478,30.258677800011355,0.0015213044171250637,6501,5,"['Overripe', 'Ripe', 'Rotten', 'Unripe', 'images']","{'Overripe': 0.7363083164300203, 'Ripe': 0.6617317182593091, 'Rotten': 0.6294906166219839, 'Unripe': 0.7139423076923077, 'images': 0.716}","{'Overripe': 0.5789473684210527, 'Ripe': 0.697069943289225, 'Rotten': 0.712378640776699, 'Unripe': 0.7328809376927823, 'images': 0.3660531697341513}","{'Overripe': 0.6482142857142857, 'Ripe': 0.6789413118527042, 'Rotten': 0.668374608596641, 'Unripe': 0.7232876712328767, 'images': 0.4844384303112314}","{'Overripe': 627, 'Ripe': 2116, 'Rotten': 1648, 'Unripe': 1621, 'images': 489}","[[363, 141, 89, 29, 5], [66, 1475, 343, 210, 22], [44, 269, 1174, 148, 13], [16, 233, 153, 1188, 31], [4, 111, 106, 89, 179]]"
CatBoost,300,0.1,8,5,0.665128441778188,0.6856042769544568,0.6077406066337987,0.6315732382139272,29.440068900003098,0.0011763882474382715,6501,5,"['Overripe', 'Ripe', 'Rotten', 'Unripe', 'images']","{'Overripe': 0.7336065573770492, 'Ripe': 0.6528084918177798, 'Rotten': 0.6167567567567568, 'Unripe': 0.7081829121540313, 'images': 0.7166666666666667}","{'Overripe': 0.5709728867623605, 'Ripe': 0.6975425330812854, 'Rotten': 0.6923543689320388, 'Unripe': 0.7260950030845157, 'images': 0.35173824130879344}","{'Overripe': 0.6421524663677131, 'Ripe': 0.6744345442083619, 'Rotten': 0.6523727844482562, 'Unripe': 0.7170271093512032, 'images': 0.4718792866941015}","{'Overripe': 627, 'Ripe': 2116, 'Rotten': 1648, 'Unripe': 1621, 'images': 489}","[[358, 135, 100, 30, 4], [63, 1476, 341, 211, 25], [47, 292, 1141, 155, 13], [16, 247, 155, 1177, 26], [4, 111, 113, 89, 172]]"
